2026.04.27 11:11:50 INFO  Started: Metals version 1.6.7 in folders 'E:\test\untitled1' for client Trae CN 1.107.1.
2026.04.27 11:11:50 INFO  Memory monitor started
2026.04.27 11:11:50 WARN  Using H2 2.4.240 which is newer than the version Flyway has been verified with. The latest verified version of H2 is 2.3.232.
2026.04.27 11:11:57 ERROR scala.meta.internal.metals.debug.DiscoveryFailures$BuildTargetNotFoundForPathException: No build target could be found for the path: E:\test\untitled1\src\main\java\org\example\Iris.csv
	at scala.meta.internal.metals.debug.DebugDiscovery.validate(DebugDiscovery.scala:88)
	at scala.meta.internal.metals.debug.DebugDiscovery.debugDiscovery(DebugDiscovery.scala:164)
	at scala.meta.internal.metals.MetalsLspService.$anonfun$debugDiscovery$3(MetalsLspService.scala:1594)
	at scala.meta.internal.metals.MetalsLspService.afterCompilationFinished(MetalsLspService.scala:1589)
	at scala.meta.internal.metals.MetalsLspService.debugDiscovery(MetalsLspService.scala:1594)
	at scala.meta.internal.metals.WorkspaceLspService.executeCommand(WorkspaceLspService.scala:1157)
	at scala.meta.metals.lsp.DelegatingScalaService.executeCommand(DelegatingScalaService.scala:184)
	at jdk.internal.reflect.NativeMethodAccessorImpl.invoke0(Native Method)
	at jdk.internal.reflect.NativeMethodAccessorImpl.invoke(NativeMethodAccessorImpl.java:77)
	at jdk.internal.reflect.DelegatingMethodAccessorImpl.invoke(DelegatingMethodAccessorImpl.java:43)
	at java.lang.reflect.Method.invoke(Method.java:569)
	at org.eclipse.lsp4j.jsonrpc.services.GenericEndpoint.lambda$recursiveFindRpcMethods$0(GenericEndpoint.java:65)
	at org.eclipse.lsp4j.jsonrpc.services.GenericEndpoint.request(GenericEndpoint.java:128)
	at org.eclipse.lsp4j.jsonrpc.RemoteEndpoint.handleRequest(RemoteEndpoint.java:265)
	at org.eclipse.lsp4j.jsonrpc.RemoteEndpoint.consume(RemoteEndpoint.java:195)
	at org.eclipse.lsp4j.jsonrpc.json.StreamMessageProducer.handleMessage(StreamMessageProducer.java:189)
	at org.eclipse.lsp4j.jsonrpc.json.StreamMessageProducer.listen(StreamMessageProducer.java:97)
	at org.eclipse.lsp4j.jsonrpc.json.ConcurrentMessageProcessor.run(ConcurrentMessageProcessor.java:97)
	at java.util.concurrent.Executors$RunnableAdapter.call(Executors.java:539)
	at java.util.concurrent.FutureTask.run(FutureTask.java:264)
	at java.util.concurrent.ThreadPoolExecutor.runWorker(ThreadPoolExecutor.java:1136)
	at java.util.concurrent.ThreadPoolExecutor$Worker.run(ThreadPoolExecutor.java:635)
	at java.lang.Thread.run(Thread.java:840)

4月 27, 2026 11:13:17 上午 org.eclipse.lsp4j.jsonrpc.services.GenericEndpoint notify
信息: Unsupported notification method: $/setTrace
4月 27, 2026 11:18:17 上午 org.eclipse.lsp4j.jsonrpc.services.GenericEndpoint notify
信息: Unsupported notification method: $/setTrace
4月 27, 2026 11:23:18 上午 org.eclipse.lsp4j.jsonrpc.services.GenericEndpoint notify
信息: Unsupported notification method: $/setTrace
4月 27, 2026 11:28:17 上午 org.eclipse.lsp4j.jsonrpc.services.GenericEndpoint notify
信息: Unsupported notification method: $/setTrace
4月 27, 2026 11:33:17 上午 org.eclipse.lsp4j.jsonrpc.services.GenericEndpoint notify
信息: Unsupported notification method: $/setTrace
4月 27, 2026 11:38:17 上午 org.eclipse.lsp4j.jsonrpc.services.GenericEndpoint notify
信息: Unsupported notification method: $/setTrace
4月 27, 2026 11:43:18 上午 org.eclipse.lsp4j.jsonrpc.services.GenericEndpoint notify
信息: Unsupported notification method: $/setTrace
4月 27, 2026 11:48:17 上午 org.eclipse.lsp4j.jsonrpc.services.GenericEndpoint notify
信息: Unsupported notification method: $/setTrace
4月 27, 2026 11:53:17 上午 org.eclipse.lsp4j.jsonrpc.services.GenericEndpoint notify
信息: Unsupported notification method: $/setTrace
4月 27, 2026 11:58:17 上午 org.eclipse.lsp4j.jsonrpc.services.GenericEndpoint notify
信息: Unsupported notification method: $/setTrace
4月 27, 2026 12:03:19 下午 org.eclipse.lsp4j.jsonrpc.services.GenericEndpoint notify
信息: Unsupported notification method: $/setTrace
4月 27, 2026 12:08:17 下午 org.eclipse.lsp4j.jsonrpc.services.GenericEndpoint notify
信息: Unsupported notification method: $/setTrace
4月 27, 2026 12:13:17 下午 org.eclipse.lsp4j.jsonrpc.services.GenericEndpoint notify
信息: Unsupported notification method: $/setTrace
4月 27, 2026 12:18:17 下午 org.eclipse.lsp4j.jsonrpc.services.GenericEndpoint notify
信息: Unsupported notification method: $/setTrace
4月 27, 2026 12:23:18 下午 org.eclipse.lsp4j.jsonrpc.services.GenericEndpoint notify
信息: Unsupported notification method: $/setTrace
4月 27, 2026 12:28:17 下午 org.eclipse.lsp4j.jsonrpc.services.GenericEndpoint notify
信息: Unsupported notification method: $/setTrace
4月 27, 2026 12:33:17 下午 org.eclipse.lsp4j.jsonrpc.services.GenericEndpoint notify
信息: Unsupported notification method: $/setTrace
4月 27, 2026 12:38:17 下午 org.eclipse.lsp4j.jsonrpc.services.GenericEndpoint notify
信息: Unsupported notification method: $/setTrace
4月 27, 2026 12:43:18 下午 org.eclipse.lsp4j.jsonrpc.services.GenericEndpoint notify
信息: Unsupported notification method: $/setTrace
4月 27, 2026 12:48:17 下午 org.eclipse.lsp4j.jsonrpc.services.GenericEndpoint notify
信息: Unsupported notification method: $/setTrace
4月 27, 2026 12:53:17 下午 org.eclipse.lsp4j.jsonrpc.services.GenericEndpoint notify
信息: Unsupported notification method: $/setTrace
4月 27, 2026 12:58:17 下午 org.eclipse.lsp4j.jsonrpc.services.GenericEndpoint notify
信息: Unsupported notification method: $/setTrace
4月 27, 2026 1:03:19 下午 org.eclipse.lsp4j.jsonrpc.services.GenericEndpoint notify
信息: Unsupported notification method: $/setTrace
4月 27, 2026 1:08:17 下午 org.eclipse.lsp4j.jsonrpc.services.GenericEndpoint notify
信息: Unsupported notification method: $/setTrace
4月 27, 2026 1:13:17 下午 org.eclipse.lsp4j.jsonrpc.services.GenericEndpoint notify
信息: Unsupported notification method: $/setTrace
4月 27, 2026 1:18:17 下午 org.eclipse.lsp4j.jsonrpc.services.GenericEndpoint notify
信息: Unsupported notification method: $/setTrace
4月 27, 2026 1:23:18 下午 org.eclipse.lsp4j.jsonrpc.services.GenericEndpoint notify
信息: Unsupported notification method: $/setTrace
4月 27, 2026 1:28:17 下午 org.eclipse.lsp4j.jsonrpc.services.GenericEndpoint notify
信息: Unsupported notification method: $/setTrace
4月 27, 2026 1:33:17 下午 org.eclipse.lsp4j.jsonrpc.services.GenericEndpoint notify
信息: Unsupported notification method: $/setTrace
4月 27, 2026 1:38:17 下午 org.eclipse.lsp4j.jsonrpc.services.GenericEndpoint notify
信息: Unsupported notification method: $/setTrace
4月 27, 2026 1:43:19 下午 org.eclipse.lsp4j.jsonrpc.services.GenericEndpoint notify
信息: Unsupported notification method: $/setTrace
4月 27, 2026 1:48:17 下午 org.eclipse.lsp4j.jsonrpc.services.GenericEndpoint notify
信息: Unsupported notification method: $/setTrace
4月 27, 2026 1:53:18 下午 org.eclipse.lsp4j.jsonrpc.services.GenericEndpoint notify
信息: Unsupported notification method: $/setTrace
4月 27, 2026 1:58:17 下午 org.eclipse.lsp4j.jsonrpc.services.GenericEndpoint notify
信息: Unsupported notification method: $/setTrace
4月 27, 2026 2:03:19 下午 org.eclipse.lsp4j.jsonrpc.services.GenericEndpoint notify
信息: Unsupported notification method: $/setTrace
4月 27, 2026 2:08:17 下午 org.eclipse.lsp4j.jsonrpc.services.GenericEndpoint notify
信息: Unsupported notification method: $/setTrace
4月 27, 2026 2:13:18 下午 org.eclipse.lsp4j.jsonrpc.services.GenericEndpoint notify
信息: Unsupported notification method: $/setTrace
2026.04.27 14:15:50 INFO  running 'C:\Program Files\Java\jdk1.8.0_202\bin\java.exe -Dfile.encoding=UTF-8 -Dmaven.multiModuleProjectDirectory=E:\test\untitled1 -Dmaven.home=C:\Temp\metals6503761233533648487 -cp C:\Temp\metals6503761233533648487\maven-wrapper.jar org.apache.maven.wrapper.MavenWrapperMain generate-sources ch.epfl.scala:bloop-maven-plugin:2.0.3:bloopInstall -DdownloadSources=true'
2026.04.27 14:16:01 INFO  [INFO] Scanning for projects...
2026.04.27 14:16:01 INFO  Downloading from central: https://repo.maven.apache.org/maven2/ch/epfl/scala/bloop-maven-plugin/2.0.3/bloop-maven-plugin-2.0.3.pom
2026.04.27 14:16:01 INFO  Progress (1): 1.1 kB
2026.04.27 14:16:01 INFO  Progress (1): 2.5 kB
2026.04.27 14:16:01 INFO  Progress (1): 5.6 kB
2026.04.27 14:16:01 INFO  Progress (1): 8.0 kB
2026.04.27 14:16:01 INFO                      
2026.04.27 14:16:01 INFO  Downloaded from central: https://repo.maven.apache.org/maven2/ch/epfl/scala/bloop-maven-plugin/2.0.3/bloop-maven-plugin-2.0.3.pom (8.0 kB at 11 kB/s)
2026.04.27 14:16:01 INFO  Downloading from central: https://repo.maven.apache.org/maven2/ch/epfl/scala/bloop-maven-plugin/2.0.3/bloop-maven-plugin-2.0.3.jar
2026.04.27 14:16:02 INFO  Progress (1): 0.9/44 kB
2026.04.27 14:16:02 INFO  Progress (1): 2.3/44 kB
2026.04.27 14:16:02 INFO  Progress (1): 3.6/44 kB
2026.04.27 14:16:02 INFO  Progress (1): 5.0/44 kB
2026.04.27 14:16:02 INFO  Progress (1): 6.4/44 kB
2026.04.27 14:16:02 INFO  Progress (1): 7.7/44 kB
2026.04.27 14:16:02 INFO  Progress (1): 9.1/44 kB
2026.04.27 14:16:02 INFO  Progress (1): 10/44 kB 
2026.04.27 14:16:02 INFO  Progress (1): 12/44 kB
2026.04.27 14:16:02 INFO  Progress (1): 13/44 kB
2026.04.27 14:16:02 INFO  Progress (1): 15/44 kB
2026.04.27 14:16:02 INFO  Progress (1): 16/44 kB
2026.04.27 14:16:02 INFO  Progress (1): 17/44 kB
2026.04.27 14:16:02 INFO  Progress (1): 19/44 kB
2026.04.27 14:16:02 INFO  Progress (1): 20/44 kB
2026.04.27 14:16:02 INFO  Progress (1): 21/44 kB
2026.04.27 14:16:02 INFO  Progress (1): 23/44 kB
2026.04.27 14:16:02 INFO  Progress (1): 24/44 kB
2026.04.27 14:16:02 INFO  Progress (1): 25/44 kB
2026.04.27 14:16:02 INFO  Progress (1): 27/44 kB
2026.04.27 14:16:02 INFO  Progress (1): 28/44 kB
2026.04.27 14:16:02 INFO  Progress (1): 30/44 kB
2026.04.27 14:16:02 INFO  Progress (1): 31/44 kB
2026.04.27 14:16:02 INFO  Progress (1): 32/44 kB
2026.04.27 14:16:02 INFO  Progress (1): 34/44 kB
2026.04.27 14:16:02 INFO  Progress (1): 35/44 kB
2026.04.27 14:16:02 INFO  Progress (1): 36/44 kB
2026.04.27 14:16:02 INFO  Progress (1): 38/44 kB
2026.04.27 14:16:02 INFO  Progress (1): 39/44 kB
2026.04.27 14:16:02 INFO  Progress (1): 41/44 kB
2026.04.27 14:16:02 INFO  Progress (1): 42/44 kB
2026.04.27 14:16:02 INFO  Progress (1): 43/44 kB
2026.04.27 14:16:02 INFO  Progress (1): 44 kB   
2026.04.27 14:16:02 INFO                     
2026.04.27 14:16:02 INFO  Downloaded from central: https://repo.maven.apache.org/maven2/ch/epfl/scala/bloop-maven-plugin/2.0.3/bloop-maven-plugin-2.0.3.jar (44 kB at 187 kB/s)
2026.04.27 14:16:02 INFO  [INFO] 
2026.04.27 14:16:02 INFO  [INFO] -----------------------< org.example:untitled1 >------------------------
2026.04.27 14:16:02 INFO  [INFO] Building untitled1 1.0-SNAPSHOT
2026.04.27 14:16:02 INFO  [INFO]   from pom.xml
2026.04.27 14:16:02 INFO  [INFO] --------------------------------[ jar ]---------------------------------
2026.04.27 14:16:02 INFO  [INFO] 
2026.04.27 14:16:02 INFO  [INFO] --- bloop:2.0.3:bloopInstall (default-cli) @ untitled1 ---
2026.04.27 14:16:02 INFO  Downloading from central: https://repo.maven.apache.org/maven2/ch/epfl/scala/bloop-config_2.13/2.3.3/bloop-config_2.13-2.3.3.pom
2026.04.27 14:16:03 INFO  Progress (1): 1.4 kB
2026.04.27 14:16:03 INFO  Progress (1): 2.3 kB
2026.04.27 14:16:03 INFO                      
2026.04.27 14:16:03 INFO  Downloaded from central: https://repo.maven.apache.org/maven2/ch/epfl/scala/bloop-config_2.13/2.3.3/bloop-config_2.13-2.3.3.pom (2.3 kB at 10 kB/s)
2026.04.27 14:16:03 INFO  Downloading from central: https://repo.maven.apache.org/maven2/com/github/plokhotnyuk/jsoniter-scala/jsoniter-scala-core_2.13/2.13.5.2/jsoniter-scala-core_2.13-2.13.5.2.pom
2026.04.27 14:16:03 INFO  Progress (1): 1.4 kB
2026.04.27 14:16:03 INFO  Progress (1): 2.4 kB
2026.04.27 14:16:03 INFO                      
2026.04.27 14:16:03 INFO  Downloaded from central: https://repo.maven.apache.org/maven2/com/github/plokhotnyuk/jsoniter-scala/jsoniter-scala-core_2.13/2.13.5.2/jsoniter-scala-core_2.13-2.13.5.2.pom (2.4 kB at 13 kB/s)
2026.04.27 14:16:03 INFO  Downloading from central: https://repo.maven.apache.org/maven2/com/lihaoyi/unroll-annotation_2.13/0.1.12/unroll-annotation_2.13-0.1.12.pom
2026.04.27 14:16:03 INFO  Progress (1): 1.3 kB
2026.04.27 14:16:03 INFO  Progress (1): 1.5 kB
2026.04.27 14:16:03 INFO                      
2026.04.27 14:16:03 INFO  Downloaded from central: https://repo.maven.apache.org/maven2/com/lihaoyi/unroll-annotation_2.13/0.1.12/unroll-annotation_2.13-0.1.12.pom (1.5 kB at 7.8 kB/s)
2026.04.27 14:16:03 INFO  Downloading from central: https://repo.maven.apache.org/maven2/org/scala-lang/scala-library/2.13.12/scala-library-2.13.12.pom
2026.04.27 14:16:03 INFO  Progress (1): 1.2 kB
2026.04.27 14:16:03 INFO  Progress (1): 1.6 kB
2026.04.27 14:16:03 INFO                      
2026.04.27 14:16:03 INFO  Downloaded from central: https://repo.maven.apache.org/maven2/org/scala-lang/scala-library/2.13.12/scala-library-2.13.12.pom (1.6 kB at 8.8 kB/s)
2026.04.27 14:16:03 INFO  Downloading from central: https://repo.maven.apache.org/maven2/org/scala-lang/scala-library/2.13.16/scala-library-2.13.16.pom
2026.04.27 14:16:03 INFO  Progress (1): 1.1 kB
2026.04.27 14:16:03 INFO  Progress (1): 1.6 kB
2026.04.27 14:16:03 INFO                      
2026.04.27 14:16:03 INFO  Downloaded from central: https://repo.maven.apache.org/maven2/org/scala-lang/scala-library/2.13.16/scala-library-2.13.16.pom (1.6 kB at 8.6 kB/s)
2026.04.27 14:16:03 INFO  Downloading from central: https://repo.maven.apache.org/maven2/net/alchim31/maven/scala-maven-plugin/4.8.0/scala-maven-plugin-4.8.0.pom
2026.04.27 14:16:03 INFO  Progress (1): 995 B
2026.04.27 14:16:03 INFO  Progress (1): 3.5 kB
2026.04.27 14:16:03 INFO  Progress (1): 5.9 kB
2026.04.27 14:16:03 INFO  Progress (1): 11 kB 
2026.04.27 14:16:03 INFO  Progress (1): 14 kB
2026.04.27 14:16:03 INFO  Progress (1): 17 kB
2026.04.27 14:16:03 INFO  Progress (1): 21 kB
2026.04.27 14:16:03 INFO  Progress (1): 24 kB
2026.04.27 14:16:03 INFO  Progress (1): 26 kB
2026.04.27 14:16:03 INFO                     
2026.04.27 14:16:03 INFO  Downloaded from central: https://repo.maven.apache.org/maven2/net/alchim31/maven/scala-maven-plugin/4.8.0/scala-maven-plugin-4.8.0.pom (26 kB at 138 kB/s)
2026.04.27 14:16:03 INFO  Downloading from central: https://repo.maven.apache.org/maven2/org/apache/maven/shared/maven-dependency-tree/3.2.1/maven-dependency-tree-3.2.1.pom
2026.04.27 14:16:04 INFO  Progress (1): 786 B
2026.04.27 14:16:04 INFO  Progress (1): 2.2 kB
2026.04.27 14:16:04 INFO  Progress (1): 4.4 kB
2026.04.27 14:16:04 INFO  Progress (1): 6.2 kB
2026.04.27 14:16:04 INFO                      
2026.04.27 14:16:04 INFO  Downloaded from central: https://repo.maven.apache.org/maven2/org/apache/maven/shared/maven-dependency-tree/3.2.1/maven-dependency-tree-3.2.1.pom (6.2 kB at 32 kB/s)
2026.04.27 14:16:04 INFO  Downloading from central: https://repo.maven.apache.org/maven2/org/apache/maven/shared/maven-shared-components/37/maven-shared-components-37.pom
2026.04.27 14:16:04 INFO  Progress (1): 781 B
2026.04.27 14:16:04 INFO  Progress (1): 2.3 kB
2026.04.27 14:16:04 INFO  Progress (1): 4.5 kB
2026.04.27 14:16:04 INFO  Progress (1): 4.9 kB
2026.04.27 14:16:04 INFO                      
2026.04.27 14:16:04 INFO  Downloaded from central: https://repo.maven.apache.org/maven2/org/apache/maven/shared/maven-shared-components/37/maven-shared-components-37.pom (4.9 kB at 25 kB/s)
2026.04.27 14:16:04 INFO  Downloading from central: https://repo.maven.apache.org/maven2/org/apache/maven/maven-parent/37/maven-parent-37.pom
2026.04.27 14:16:04 INFO  Progress (1): 721 B
2026.04.27 14:16:04 INFO  Progress (1): 1.9 kB
2026.04.27 14:16:04 INFO  Progress (1): 5.4 kB
2026.04.27 14:16:04 INFO  Progress (1): 9.5 kB
2026.04.27 14:16:04 INFO  Progress (1): 14 kB 
2026.04.27 14:16:04 INFO  Progress (1): 19 kB
2026.04.27 14:16:04 INFO  Progress (1): 23 kB
2026.04.27 14:16:04 INFO  Progress (1): 25 kB
2026.04.27 14:16:04 INFO  Progress (1): 27 kB
2026.04.27 14:16:04 INFO  Progress (1): 28 kB
2026.04.27 14:16:04 INFO  Progress (1): 31 kB
2026.04.27 14:16:04 INFO  Progress (1): 35 kB
2026.04.27 14:16:04 INFO  Progress (1): 38 kB
2026.04.27 14:16:04 INFO  Progress (1): 41 kB
2026.04.27 14:16:04 INFO  Progress (1): 46 kB
2026.04.27 14:16:04 INFO                     
2026.04.27 14:16:04 INFO  Downloaded from central: https://repo.maven.apache.org/maven2/org/apache/maven/maven-parent/37/maven-parent-37.pom (46 kB at 233 kB/s)
2026.04.27 14:16:04 INFO  Downloading from central: https://repo.maven.apache.org/maven2/org/codehaus/plexus/plexus-archiver/4.6.0/plexus-archiver-4.6.0.pom
2026.04.27 14:16:04 INFO  Progress (1): 1.2 kB
2026.04.27 14:16:04 INFO  Progress (1): 4.1 kB
2026.04.27 14:16:04 INFO  Progress (1): 6.3 kB
2026.04.27 14:16:04 INFO  Progress (1): 6.5 kB
2026.04.27 14:16:04 INFO                      
2026.04.27 14:16:04 INFO  Downloaded from central: https://repo.maven.apache.org/maven2/org/codehaus/plexus/plexus-archiver/4.6.0/plexus-archiver-4.6.0.pom (6.5 kB at 33 kB/s)
2026.04.27 14:16:04 INFO  Downloading from central: https://repo.maven.apache.org/maven2/org/codehaus/plexus/plexus-classworlds/2.7.0/plexus-classworlds-2.7.0.pom
2026.04.27 14:16:04 INFO  Progress (1): 915 B
2026.04.27 14:16:04 INFO  Progress (1): 2.5 kB
2026.04.27 14:16:04 INFO  Progress (1): 5.7 kB
2026.04.27 14:16:04 INFO  Progress (1): 7.6 kB
2026.04.27 14:16:04 INFO                      
2026.04.27 14:16:04 INFO  Downloaded from central: https://repo.maven.apache.org/maven2/org/codehaus/plexus/plexus-classworlds/2.7.0/plexus-classworlds-2.7.0.pom (7.6 kB at 39 kB/s)
2026.04.27 14:16:04 INFO  Downloading from central: https://repo.maven.apache.org/maven2/org/scala-sbt/zinc_2.13/1.8.0/zinc_2.13-1.8.0.pom
2026.04.27 14:16:05 INFO  Progress (1): 1.3 kB
2026.04.27 14:16:05 INFO  Progress (1): 4.1 kB
2026.04.27 14:16:05 INFO                      
2026.04.27 14:16:05 INFO  Downloaded from central: https://repo.maven.apache.org/maven2/org/scala-sbt/zinc_2.13/1.8.0/zinc_2.13-1.8.0.pom (4.1 kB at 22 kB/s)
2026.04.27 14:16:05 INFO  Downloading from central: https://repo.maven.apache.org/maven2/org/scala-sbt/zinc-core_2.13/1.8.0/zinc-core_2.13-1.8.0.pom
2026.04.27 14:16:05 INFO  Progress (1): 1.3 kB
2026.04.27 14:16:05 INFO  Progress (1): 5.3 kB
2026.04.27 14:16:05 INFO                      
2026.04.27 14:16:05 INFO  Downloaded from central: https://repo.maven.apache.org/maven2/org/scala-sbt/zinc-core_2.13/1.8.0/zinc-core_2.13-1.8.0.pom (5.3 kB at 29 kB/s)
2026.04.27 14:16:05 INFO  Downloading from central: https://repo.maven.apache.org/maven2/org/scala-sbt/zinc-compile-core_2.13/1.8.0/zinc-compile-core_2.13-1.8.0.pom
2026.04.27 14:16:05 INFO  Progress (1): 1.2 kB
2026.04.27 14:16:05 INFO  Progress (1): 5.5 kB
2026.04.27 14:16:05 INFO                      
2026.04.27 14:16:05 INFO  Downloaded from central: https://repo.maven.apache.org/maven2/org/scala-sbt/zinc-compile-core_2.13/1.8.0/zinc-compile-core_2.13-1.8.0.pom (5.5 kB at 25 kB/s)
2026.04.27 14:16:05 INFO  Downloading from central: https://repo.maven.apache.org/maven2/org/scala-sbt/compiler-interface/1.8.0/compiler-interface-1.8.0.pom
2026.04.27 14:16:05 INFO  Progress (1): 1.3 kB
2026.04.27 14:16:05 INFO  Progress (1): 3.0 kB
2026.04.27 14:16:05 INFO                      
2026.04.27 14:16:05 INFO  Downloaded from central: https://repo.maven.apache.org/maven2/org/scala-sbt/compiler-interface/1.8.0/compiler-interface-1.8.0.pom (3.0 kB at 15 kB/s)
2026.04.27 14:16:05 INFO  Downloading from central: https://repo.maven.apache.org/maven2/org/scala-sbt/util-interface/1.8.0/util-interface-1.8.0.pom
2026.04.27 14:16:05 INFO  Progress (1): 1.3 kB
2026.04.27 14:16:05 INFO  Progress (1): 2.6 kB
2026.04.27 14:16:05 INFO                      
2026.04.27 14:16:05 INFO  Downloaded from central: https://repo.maven.apache.org/maven2/org/scala-sbt/util-interface/1.8.0/util-interface-1.8.0.pom (2.6 kB at 14 kB/s)
2026.04.27 14:16:05 INFO  Downloading from central: https://repo.maven.apache.org/maven2/org/scala-sbt/zinc-classpath_2.13/1.8.0/zinc-classpath_2.13-1.8.0.pom
2026.04.27 14:16:05 INFO  Progress (1): 1.3 kB
2026.04.27 14:16:05 INFO  Progress (1): 3.9 kB
2026.04.27 14:16:05 INFO                      
2026.04.27 14:16:05 INFO  Downloaded from central: https://repo.maven.apache.org/maven2/org/scala-sbt/zinc-classpath_2.13/1.8.0/zinc-classpath_2.13-1.8.0.pom (3.9 kB at 21 kB/s)
2026.04.27 14:16:05 INFO  Downloading from central: https://repo.maven.apache.org/maven2/org/scala-lang/scala-compiler/2.13.8/scala-compiler-2.13.8.pom
2026.04.27 14:16:07 INFO  Progress (1): 1.2 kB
2026.04.27 14:16:07 INFO  Progress (1): 2.3 kB
2026.04.27 14:16:07 INFO                      
2026.04.27 14:16:07 INFO  Downloaded from central: https://repo.maven.apache.org/maven2/org/scala-lang/scala-compiler/2.13.8/scala-compiler-2.13.8.pom (2.3 kB at 12 kB/s)
2026.04.27 14:16:07 INFO  Downloading from central: https://repo.maven.apache.org/maven2/net/java/dev/jna/jna/5.9.0/jna-5.9.0.pom
2026.04.27 14:16:07 INFO  Progress (1): 1.4 kB
2026.04.27 14:16:07 INFO  Progress (1): 2.0 kB
2026.04.27 14:16:07 INFO                      
2026.04.27 14:16:07 INFO  Downloaded from central: https://repo.maven.apache.org/maven2/net/java/dev/jna/jna/5.9.0/jna-5.9.0.pom (2.0 kB at 11 kB/s)
2026.04.27 14:16:07 INFO  Downloading from central: https://repo.maven.apache.org/maven2/org/scala-sbt/io_2.13/1.8.0/io_2.13-1.8.0.pom
2026.04.27 14:16:07 INFO  Progress (1): 1.4 kB
2026.04.27 14:16:07 INFO  Progress (1): 3.3 kB
2026.04.27 14:16:07 INFO                      
2026.04.27 14:16:07 INFO  Downloaded from central: https://repo.maven.apache.org/maven2/org/scala-sbt/io_2.13/1.8.0/io_2.13-1.8.0.pom (3.3 kB at 17 kB/s)
2026.04.27 14:16:07 INFO  Downloading from central: https://repo.maven.apache.org/maven2/com/swoval/file-tree-views/2.1.9/file-tree-views-2.1.9.pom
2026.04.27 14:16:07 INFO  Progress (1): 1.4 kB
2026.04.27 14:16:07 INFO  Progress (1): 1.7 kB
2026.04.27 14:16:07 INFO                      
2026.04.27 14:16:07 INFO  Downloaded from central: https://repo.maven.apache.org/maven2/com/swoval/file-tree-views/2.1.9/file-tree-views-2.1.9.pom (1.7 kB at 8.8 kB/s)
2026.04.27 14:16:07 INFO  Downloading from central: https://repo.maven.apache.org/maven2/net/java/dev/jna/jna/5.12.0/jna-5.12.0.pom
2026.04.27 14:16:07 INFO  Progress (1): 1.4 kB
2026.04.27 14:16:07 INFO  Progress (1): 2.0 kB
2026.04.27 14:16:07 INFO                      
2026.04.27 14:16:07 INFO  Downloaded from central: https://repo.maven.apache.org/maven2/net/java/dev/jna/jna/5.12.0/jna-5.12.0.pom (2.0 kB at 11 kB/s)
2026.04.27 14:16:07 INFO  Downloading from central: https://repo.maven.apache.org/maven2/net/java/dev/jna/jna-platform/5.12.0/jna-platform-5.12.0.pom
2026.04.27 14:16:07 INFO  Progress (1): 1.3 kB
2026.04.27 14:16:07 INFO  Progress (1): 2.3 kB
2026.04.27 14:16:07 INFO                      
2026.04.27 14:16:07 INFO  Downloaded from central: https://repo.maven.apache.org/maven2/net/java/dev/jna/jna-platform/5.12.0/jna-platform-5.12.0.pom (2.3 kB at 12 kB/s)
2026.04.27 14:16:07 INFO  Downloading from central: https://repo.maven.apache.org/maven2/org/scala-sbt/zinc-apiinfo_2.13/1.8.0/zinc-apiinfo_2.13-1.8.0.pom
2026.04.27 14:16:08 INFO  Progress (1): 1.3 kB
2026.04.27 14:16:08 INFO  Progress (1): 3.8 kB
2026.04.27 14:16:08 INFO                      
2026.04.27 14:16:08 INFO  Downloaded from central: https://repo.maven.apache.org/maven2/org/scala-sbt/zinc-apiinfo_2.13/1.8.0/zinc-apiinfo_2.13-1.8.0.pom (3.8 kB at 20 kB/s)
2026.04.27 14:16:08 INFO  Downloading from central: https://repo.maven.apache.org/maven2/org/scala-sbt/compiler-bridge_2.13/1.8.0/compiler-bridge_2.13-1.8.0.pom
2026.04.27 14:16:08 INFO  Progress (1): 1.3 kB
2026.04.27 14:16:08 INFO  Progress (1): 2.8 kB
2026.04.27 14:16:08 INFO                      
2026.04.27 14:16:08 INFO  Downloaded from central: https://repo.maven.apache.org/maven2/org/scala-sbt/compiler-bridge_2.13/1.8.0/compiler-bridge_2.13-1.8.0.pom (2.8 kB at 15 kB/s)
2026.04.27 14:16:08 INFO  Downloading from central: https://repo.maven.apache.org/maven2/org/scala-sbt/zinc-classfile_2.13/1.8.0/zinc-classfile_2.13-1.8.0.pom
2026.04.27 14:16:08 INFO  Progress (1): 1.3 kB
2026.04.27 14:16:08 INFO  Progress (1): 4.0 kB
2026.04.27 14:16:08 INFO                      
2026.04.27 14:16:08 INFO  Downloaded from central: https://repo.maven.apache.org/maven2/org/scala-sbt/zinc-classfile_2.13/1.8.0/zinc-classfile_2.13-1.8.0.pom (4.0 kB at 21 kB/s)
2026.04.27 14:16:08 INFO  Downloading from central: https://repo.maven.apache.org/maven2/org/scala-sbt/util-logging_2.13/1.8.0/util-logging_2.13-1.8.0.pom
2026.04.27 14:16:08 INFO  Progress (1): 1.2 kB
2026.04.27 14:16:08 INFO  Progress (1): 5.6 kB
2026.04.27 14:16:08 INFO  Progress (1): 5.7 kB
2026.04.27 14:16:08 INFO                      
2026.04.27 14:16:08 INFO  Downloaded from central: https://repo.maven.apache.org/maven2/org/scala-sbt/util-logging_2.13/1.8.0/util-logging_2.13-1.8.0.pom (5.7 kB at 30 kB/s)
2026.04.27 14:16:08 INFO  Downloading from central: https://repo.maven.apache.org/maven2/org/scala-sbt/collections_2.13/1.8.0/collections_2.13-1.8.0.pom
2026.04.27 14:16:09 INFO  Progress (1): 1.3 kB
2026.04.27 14:16:09 INFO  Progress (1): 4.4 kB
2026.04.27 14:16:09 INFO                      
2026.04.27 14:16:09 INFO  Downloaded from central: https://repo.maven.apache.org/maven2/org/scala-sbt/collections_2.13/1.8.0/collections_2.13-1.8.0.pom (4.4 kB at 4.8 kB/s)
2026.04.27 14:16:09 INFO  Downloading from central: https://repo.maven.apache.org/maven2/org/scala-sbt/util-position_2.13/1.8.0/util-position_2.13-1.8.0.pom
2026.04.27 14:16:09 INFO  Progress (1): 1.3 kB
2026.04.27 14:16:09 INFO  Progress (1): 3.2 kB
2026.04.27 14:16:09 INFO                      
2026.04.27 14:16:09 INFO  Downloaded from central: https://repo.maven.apache.org/maven2/org/scala-sbt/util-position_2.13/1.8.0/util-position_2.13-1.8.0.pom (3.2 kB at 17 kB/s)
2026.04.27 14:16:09 INFO  Downloading from central: https://repo.maven.apache.org/maven2/org/scala-sbt/core-macros_2.13/1.8.0/core-macros_2.13-1.8.0.pom
2026.04.27 14:16:09 INFO  Progress (1): 1.3 kB
2026.04.27 14:16:09 INFO  Progress (1): 3.1 kB
2026.04.27 14:16:09 INFO                      
2026.04.27 14:16:09 INFO  Downloaded from central: https://repo.maven.apache.org/maven2/org/scala-sbt/core-macros_2.13/1.8.0/core-macros_2.13-1.8.0.pom (3.1 kB at 17 kB/s)
2026.04.27 14:16:09 INFO  Downloading from central: https://repo.maven.apache.org/maven2/org/scala-sbt/util-control_2.13/1.8.0/util-control_2.13-1.8.0.pom
2026.04.27 14:16:09 INFO  Progress (1): 1.3 kB
2026.04.27 14:16:09 INFO  Progress (1): 2.8 kB
2026.04.27 14:16:09 INFO                      
2026.04.27 14:16:09 INFO  Downloaded from central: https://repo.maven.apache.org/maven2/org/scala-sbt/util-control_2.13/1.8.0/util-control_2.13-1.8.0.pom (2.8 kB at 15 kB/s)
2026.04.27 14:16:09 INFO  Downloading from central: https://repo.maven.apache.org/maven2/org/scala-sbt/zinc-persist-core-assembly/1.8.0/zinc-persist-core-assembly-1.8.0.pom
2026.04.27 14:16:09 INFO  Progress (1): 1.3 kB
2026.04.27 14:16:09 INFO  Progress (1): 2.4 kB
2026.04.27 14:16:09 INFO                      
2026.04.27 14:16:09 INFO  Downloaded from central: https://repo.maven.apache.org/maven2/org/scala-sbt/zinc-persist-core-assembly/1.8.0/zinc-persist-core-assembly-1.8.0.pom (2.4 kB at 12 kB/s)
2026.04.27 14:16:09 INFO  Downloading from central: https://repo.maven.apache.org/maven2/org/scala-sbt/util-relation_2.13/1.8.0/util-relation_2.13-1.8.0.pom
2026.04.27 14:16:09 INFO  Progress (1): 1.3 kB
2026.04.27 14:16:09 INFO  Progress (1): 3.0 kB
2026.04.27 14:16:09 INFO                      
2026.04.27 14:16:09 INFO  Downloaded from central: https://repo.maven.apache.org/maven2/org/scala-sbt/util-relation_2.13/1.8.0/util-relation_2.13-1.8.0.pom (3.0 kB at 16 kB/s)
2026.04.27 14:16:09 INFO  Downloading from central: https://repo.maven.apache.org/maven2/org/scala-sbt/zinc-persist_2.13/1.8.0/zinc-persist_2.13-1.8.0.pom
2026.04.27 14:16:10 INFO  Progress (1): 1.3 kB
2026.04.27 14:16:10 INFO  Progress (1): 4.3 kB
2026.04.27 14:16:10 INFO                      
2026.04.27 14:16:10 INFO  Downloaded from central: https://repo.maven.apache.org/maven2/org/scala-sbt/zinc-persist_2.13/1.8.0/zinc-persist_2.13-1.8.0.pom (4.3 kB at 24 kB/s)
2026.04.27 14:16:10 INFO  Downloading from central: https://repo.maven.apache.org/maven2/ch/epfl/scala/bloop-config_2.13/2.3.3/bloop-config_2.13-2.3.3.jar
2026.04.27 14:16:10 INFO  Progress (1): 7.7/288 kB
2026.04.27 14:16:10 INFO  Progress (1): 16/288 kB 
2026.04.27 14:16:10 INFO  Progress (1): 24/288 kB
2026.04.27 14:16:10 INFO  Progress (1): 40/288 kB
2026.04.27 14:16:10 INFO  Progress (1): 57/288 kB
2026.04.27 14:16:10 INFO  Progress (1): 73/288 kB
2026.04.27 14:16:10 INFO  Progress (1): 90/288 kB
2026.04.27 14:16:10 INFO  Progress (1): 106/288 kB
2026.04.27 14:16:10 INFO  Progress (1): 122/288 kB
2026.04.27 14:16:10 INFO  Progress (1): 139/288 kB
2026.04.27 14:16:10 INFO  Progress (1): 155/288 kB
2026.04.27 14:16:10 INFO  Progress (1): 172/288 kB
2026.04.27 14:16:10 INFO  Progress (1): 188/288 kB
2026.04.27 14:16:10 INFO  Progress (1): 204/288 kB
2026.04.27 14:16:10 INFO  Progress (1): 221/288 kB
2026.04.27 14:16:10 INFO  Progress (1): 237/288 kB
2026.04.27 14:16:10 INFO  Progress (1): 253/288 kB
2026.04.27 14:16:10 INFO  Progress (1): 270/288 kB
2026.04.27 14:16:10 INFO  Progress (1): 286/288 kB
2026.04.27 14:16:10 INFO  Progress (1): 288 kB    
2026.04.27 14:16:10 INFO                      
2026.04.27 14:16:10 INFO  Downloaded from central: https://repo.maven.apache.org/maven2/ch/epfl/scala/bloop-config_2.13/2.3.3/bloop-config_2.13-2.3.3.jar (288 kB at 408 kB/s)
2026.04.27 14:16:10 INFO  Downloading from central: https://repo.maven.apache.org/maven2/com/github/plokhotnyuk/jsoniter-scala/jsoniter-scala-core_2.13/2.13.5.2/jsoniter-scala-core_2.13-2.13.5.2.jar
2026.04.27 14:16:10 INFO  Downloading from central: https://repo.maven.apache.org/maven2/com/lihaoyi/unroll-annotation_2.13/0.1.12/unroll-annotation_2.13-0.1.12.jar
2026.04.27 14:16:10 INFO  Downloading from central: https://repo.maven.apache.org/maven2/net/alchim31/maven/scala-maven-plugin/4.8.0/scala-maven-plugin-4.8.0.jar
2026.04.27 14:16:10 INFO  Downloading from central: https://repo.maven.apache.org/maven2/org/eclipse/aether/aether-util/1.0.0.v20140518/aether-util-1.0.0.v20140518.jar
2026.04.27 14:16:10 INFO  Downloading from central: https://repo.maven.apache.org/maven2/org/apache/maven/shared/maven-dependency-tree/3.2.1/maven-dependency-tree-3.2.1.jar
2026.04.27 14:16:10 INFO  Progress (1): 1.3 kB
2026.04.27 14:16:10 INFO                      
2026.04.27 14:16:10 INFO  Downloaded from central: https://repo.maven.apache.org/maven2/com/lihaoyi/unroll-annotation_2.13/0.1.12/unroll-annotation_2.13-0.1.12.jar (1.3 kB at 7.2 kB/s)
2026.04.27 14:16:10 INFO  Downloading from central: https://repo.maven.apache.org/maven2/org/eclipse/aether/aether-api/1.0.0.v20140518/aether-api-1.0.0.v20140518.jar
2026.04.27 14:16:12 INFO  Progress (1): 7.7/136 kB
2026.04.27 14:16:12 INFO  Progress (1): 15/136 kB 
2026.04.27 14:16:12 INFO  Progress (1): 32/136 kB
2026.04.27 14:16:12 INFO  Progress (1): 48/136 kB
2026.04.27 14:16:12 INFO  Progress (1): 65/136 kB
2026.04.27 14:16:12 INFO  Progress (1): 81/136 kB
2026.04.27 14:16:12 INFO  Progress (1): 97/136 kB
2026.04.27 14:16:12 INFO  Progress (2): 97/136 kB | 0.9/43 kB
2026.04.27 14:16:12 INFO  Progress (2): 97/136 kB | 2.3/43 kB
2026.04.27 14:16:12 INFO  Progress (2): 97/136 kB | 3.6/43 kB
2026.04.27 14:16:12 INFO  Progress (2): 97/136 kB | 5.0/43 kB
2026.04.27 14:16:12 INFO  Progress (2): 97/136 kB | 6.4/43 kB
2026.04.27 14:16:12 INFO  Progress (2): 97/136 kB | 7.7/43 kB
2026.04.27 14:16:12 INFO  Progress (2): 97/136 kB | 9.1/43 kB
2026.04.27 14:16:12 INFO  Progress (2): 97/136 kB | 10/43 kB 
2026.04.27 14:16:12 INFO  Progress (2): 97/136 kB | 12/43 kB
2026.04.27 14:16:12 INFO  Progress (2): 97/136 kB | 13/43 kB
2026.04.27 14:16:12 INFO  Progress (2): 97/136 kB | 15/43 kB
2026.04.27 14:16:12 INFO  Progress (2): 97/136 kB | 16/43 kB
2026.04.27 14:16:12 INFO  Progress (2): 97/136 kB | 17/43 kB
2026.04.27 14:16:12 INFO  Progress (2): 97/136 kB | 19/43 kB
2026.04.27 14:16:12 INFO  Progress (2): 97/136 kB | 20/43 kB
2026.04.27 14:16:12 INFO  Progress (2): 97/136 kB | 21/43 kB
2026.04.27 14:16:12 INFO  Progress (2): 97/136 kB | 23/43 kB
2026.04.27 14:16:12 INFO  Progress (2): 97/136 kB | 24/43 kB
2026.04.27 14:16:12 INFO  Progress (2): 97/136 kB | 26/43 kB
2026.04.27 14:16:12 INFO  Progress (2): 114/136 kB | 26/43 kB
2026.04.27 14:16:12 INFO  Progress (2): 130/136 kB | 26/43 kB
2026.04.27 14:16:12 INFO  Progress (2): 136 kB | 26/43 kB    
2026.04.27 14:16:12 INFO  Progress (2): 136 kB | 27/43 kB
2026.04.27 14:16:12 INFO                                 
2026.04.27 14:16:12 INFO  Downloaded from central: https://repo.maven.apache.org/maven2/org/eclipse/aether/aether-api/1.0.0.v20140518/aether-api-1.0.0.v20140518.jar (136 kB at 216 kB/s)
2026.04.27 14:16:12 INFO  Downloading from central: https://repo.maven.apache.org/maven2/org/apache/maven/reporting/maven-reporting-api/3.1.1/maven-reporting-api-3.1.1.jar
2026.04.27 14:16:12 INFO  Progress (1): 28/43 kB
2026.04.27 14:16:12 INFO  Progress (1): 30/43 kB
2026.04.27 14:16:12 INFO  Progress (1): 31/43 kB
2026.04.27 14:16:12 INFO  Progress (1): 32/43 kB
2026.04.27 14:16:12 INFO  Progress (1): 34/43 kB
2026.04.27 14:16:12 INFO  Progress (1): 35/43 kB
2026.04.27 14:16:12 INFO  Progress (1): 36/43 kB
2026.04.27 14:16:12 INFO  Progress (1): 38/43 kB
2026.04.27 14:16:12 INFO  Progress (1): 39/43 kB
2026.04.27 14:16:12 INFO  Progress (1): 41/43 kB
2026.04.27 14:16:12 INFO  Progress (1): 42/43 kB
2026.04.27 14:16:12 INFO  Progress (1): 43 kB   
2026.04.27 14:16:12 INFO                     
2026.04.27 14:16:12 INFO  Downloaded from central: https://repo.maven.apache.org/maven2/org/apache/maven/shared/maven-dependency-tree/3.2.1/maven-dependency-tree-3.2.1.jar (43 kB at 66 kB/s)
2026.04.27 14:16:12 INFO  Downloading from central: https://repo.maven.apache.org/maven2/org/apache/maven/doxia/doxia-sink-api/1.11.1/doxia-sink-api-1.11.1.jar
2026.04.27 14:16:12 INFO  Progress (1): 0.9/159 kB
2026.04.27 14:16:12 INFO  Progress (2): 0.9/159 kB | 0.9/146 kB
2026.04.27 14:16:12 INFO  Progress (2): 2.3/159 kB | 0.9/146 kB
2026.04.27 14:16:12 INFO  Progress (2): 3.6/159 kB | 0.9/146 kB
2026.04.27 14:16:12 INFO  Progress (2): 5.0/159 kB | 0.9/146 kB
2026.04.27 14:16:12 INFO  Progress (2): 6.4/159 kB | 0.9/146 kB
2026.04.27 14:16:12 INFO  Progress (2): 7.7/159 kB | 0.9/146 kB
2026.04.27 14:16:12 INFO  Progress (2): 9.1/159 kB | 0.9/146 kB
2026.04.27 14:16:12 INFO  Progress (2): 10/159 kB | 0.9/146 kB 
2026.04.27 14:16:12 INFO  Progress (2): 12/159 kB | 0.9/146 kB
2026.04.27 14:16:12 INFO  Progress (2): 13/159 kB | 0.9/146 kB
2026.04.27 14:16:12 INFO  Progress (2): 15/159 kB | 0.9/146 kB
2026.04.27 14:16:12 INFO  Progress (2): 16/159 kB | 0.9/146 kB
2026.04.27 14:16:12 INFO  Progress (2): 17/159 kB | 0.9/146 kB
2026.04.27 14:16:12 INFO  Progress (2): 19/159 kB | 0.9/146 kB
2026.04.27 14:16:12 INFO  Progress (2): 20/159 kB | 0.9/146 kB
2026.04.27 14:16:12 INFO  Progress (2): 21/159 kB | 0.9/146 kB
2026.04.27 14:16:12 INFO  Progress (2): 23/159 kB | 0.9/146 kB
2026.04.27 14:16:12 INFO  Progress (2): 24/159 kB | 0.9/146 kB
2026.04.27 14:16:12 INFO  Progress (2): 25/159 kB | 0.9/146 kB
2026.04.27 14:16:12 INFO  Progress (2): 26/159 kB | 0.9/146 kB
2026.04.27 14:16:12 INFO  Progress (2): 27/159 kB | 0.9/146 kB
2026.04.27 14:16:12 INFO  Progress (2): 29/159 kB | 0.9/146 kB
2026.04.27 14:16:12 INFO  Progress (2): 30/159 kB | 0.9/146 kB
2026.04.27 14:16:12 INFO  Progress (2): 31/159 kB | 0.9/146 kB
2026.04.27 14:16:12 INFO  Progress (2): 33/159 kB | 0.9/146 kB
2026.04.27 14:16:12 INFO  Progress (2): 34/159 kB | 0.9/146 kB
2026.04.27 14:16:12 INFO  Progress (2): 36/159 kB | 0.9/146 kB
2026.04.27 14:16:12 INFO  Progress (2): 37/159 kB | 0.9/146 kB
2026.04.27 14:16:12 INFO  Progress (2): 38/159 kB | 0.9/146 kB
2026.04.27 14:16:12 INFO  Progress (2): 40/159 kB | 0.9/146 kB
2026.04.27 14:16:12 INFO  Progress (2): 41/159 kB | 0.9/146 kB
2026.04.27 14:16:12 INFO  Progress (2): 42/159 kB | 0.9/146 kB
2026.04.27 14:16:12 INFO  Progress (2): 44/159 kB | 0.9/146 kB
2026.04.27 14:16:12 INFO  Progress (2): 45/159 kB | 0.9/146 kB
2026.04.27 14:16:12 INFO  Progress (2): 46/159 kB | 0.9/146 kB
2026.04.27 14:16:12 INFO  Progress (2): 48/159 kB | 0.9/146 kB
2026.04.27 14:16:12 INFO  Progress (2): 49/159 kB | 0.9/146 kB
2026.04.27 14:16:12 INFO  Progress (2): 51/159 kB | 0.9/146 kB
2026.04.27 14:16:12 INFO  Progress (2): 52/159 kB | 0.9/146 kB
2026.04.27 14:16:12 INFO  Progress (2): 53/159 kB | 0.9/146 kB
2026.04.27 14:16:12 INFO  Progress (2): 55/159 kB | 0.9/146 kB
2026.04.27 14:16:12 INFO  Progress (2): 59/159 kB | 0.9/146 kB
2026.04.27 14:16:12 INFO  Progress (2): 63/159 kB | 0.9/146 kB
2026.04.27 14:16:12 INFO  Progress (2): 67/159 kB | 0.9/146 kB
2026.04.27 14:16:12 INFO  Progress (2): 72/159 kB | 0.9/146 kB
2026.04.27 14:16:12 INFO  Progress (3): 72/159 kB | 0.9/146 kB | 7.7/11 kB
2026.04.27 14:16:12 INFO  Progress (3): 72/159 kB | 0.9/146 kB | 7.7/11 kB
2026.04.27 14:16:12 INFO  Progress (3): 72/159 kB | 0.9/146 kB | 11 kB    
2026.04.27 14:16:12 INFO  Progress (4): 72/159 kB | 0.9/146 kB | 11 kB | 0.9/176 kB
2026.04.27 14:16:12 INFO  Progress (4): 72/159 kB | 0.9/146 kB | 11 kB | 2.3/176 kB
2026.04.27 14:16:12 INFO  Progress (4): 72/159 kB | 0.9/146 kB | 11 kB | 3.6/176 kB
2026.04.27 14:16:12 INFO  Progress (4): 72/159 kB | 0.9/146 kB | 11 kB | 5.0/176 kB
2026.04.27 14:16:12 INFO  Progress (4): 72/159 kB | 0.9/146 kB | 11 kB | 6.4/176 kB
2026.04.27 14:16:12 INFO  Progress (4): 72/159 kB | 0.9/146 kB | 11 kB | 7.7/176 kB
2026.04.27 14:16:12 INFO  Progress (4): 72/159 kB | 0.9/146 kB | 11 kB | 9.1/176 kB
2026.04.27 14:16:12 INFO                                                           
2026.04.27 14:16:12 INFO  Downloaded from central: https://repo.maven.apache.org/maven2/org/apache/maven/reporting/maven-reporting-api/3.1.1/maven-reporting-api-3.1.1.jar (11 kB at 13 kB/s)
2026.04.27 14:16:12 INFO  Downloading from central: https://repo.maven.apache.org/maven2/org/apache/maven/doxia/doxia-logging-api/1.11.1/doxia-logging-api-1.11.1.jar
2026.04.27 14:16:12 INFO  Progress (3): 72/159 kB | 0.9/146 kB | 10/176 kB
2026.04.27 14:16:12 INFO  Progress (3): 72/159 kB | 0.9/146 kB | 12/176 kB
2026.04.27 14:16:12 INFO  Progress (3): 72/159 kB | 0.9/146 kB | 13/176 kB
2026.04.27 14:16:12 INFO  Progress (3): 72/159 kB | 0.9/146 kB | 15/176 kB
2026.04.27 14:16:12 INFO  Progress (3): 72/159 kB | 0.9/146 kB | 16/176 kB
2026.04.27 14:16:12 INFO  Progress (3): 72/159 kB | 0.9/146 kB | 17/176 kB
2026.04.27 14:16:12 INFO  Progress (3): 72/159 kB | 0.9/146 kB | 19/176 kB
2026.04.27 14:16:12 INFO  Progress (3): 72/159 kB | 0.9/146 kB | 20/176 kB
2026.04.27 14:16:12 INFO  Progress (3): 72/159 kB | 0.9/146 kB | 21/176 kB
2026.04.27 14:16:12 INFO  Progress (3): 72/159 kB | 0.9/146 kB | 23/176 kB
2026.04.27 14:16:12 INFO  Progress (3): 72/159 kB | 0.9/146 kB | 24/176 kB
2026.04.27 14:16:12 INFO  Progress (3): 72/159 kB | 0.9/146 kB | 26/176 kB
2026.04.27 14:16:12 INFO  Progress (3): 72/159 kB | 0.9/146 kB | 27/176 kB
2026.04.27 14:16:12 INFO  Progress (3): 72/159 kB | 0.9/146 kB | 28/176 kB
2026.04.27 14:16:12 INFO  Progress (4): 72/159 kB | 0.9/146 kB | 28/176 kB | 0.9/12 kB
2026.04.27 14:16:12 INFO  Progress (4): 72/159 kB | 0.9/146 kB | 28/176 kB | 2.3/12 kB
2026.04.27 14:16:12 INFO  Progress (4): 72/159 kB | 0.9/146 kB | 28/176 kB | 3.6/12 kB
2026.04.27 14:16:12 INFO  Progress (4): 72/159 kB | 0.9/146 kB | 28/176 kB | 5.0/12 kB
2026.04.27 14:16:12 INFO  Progress (4): 72/159 kB | 0.9/146 kB | 28/176 kB | 6.4/12 kB
2026.04.27 14:16:12 INFO  Progress (4): 72/159 kB | 0.9/146 kB | 28/176 kB | 7.3/12 kB
2026.04.27 14:16:12 INFO  Progress (4): 72/159 kB | 0.9/146 kB | 28/176 kB | 8.7/12 kB
2026.04.27 14:16:12 INFO  Progress (4): 72/159 kB | 0.9/146 kB | 28/176 kB | 10/12 kB 
2026.04.27 14:16:12 INFO  Progress (4): 72/159 kB | 0.9/146 kB | 28/176 kB | 11/12 kB
2026.04.27 14:16:12 INFO  Progress (4): 72/159 kB | 0.9/146 kB | 28/176 kB | 12 kB   
2026.04.27 14:16:12 INFO                                                          
2026.04.27 14:16:12 INFO  Downloaded from central: https://repo.maven.apache.org/maven2/org/apache/maven/doxia/doxia-sink-api/1.11.1/doxia-sink-api-1.11.1.jar (12 kB at 13 kB/s)
2026.04.27 14:16:12 INFO  Downloading from central: https://repo.maven.apache.org/maven2/org/apache/maven/maven-archiver/3.6.0/maven-archiver-3.6.0.jar
2026.04.27 14:16:12 INFO  Progress (3): 76/159 kB | 0.9/146 kB | 28/176 kB
2026.04.27 14:16:12 INFO  Progress (3): 80/159 kB | 0.9/146 kB | 28/176 kB
2026.04.27 14:16:12 INFO  Progress (3): 84/159 kB | 0.9/146 kB | 28/176 kB
2026.04.27 14:16:12 INFO  Progress (3): 89/159 kB | 0.9/146 kB | 28/176 kB
2026.04.27 14:16:12 INFO  Progress (3): 93/159 kB | 0.9/146 kB | 28/176 kB
2026.04.27 14:16:12 INFO  Progress (3): 93/159 kB | 2.3/146 kB | 28/176 kB
2026.04.27 14:16:12 INFO  Progress (3): 93/159 kB | 3.6/146 kB | 28/176 kB
2026.04.27 14:16:12 INFO  Progress (3): 93/159 kB | 5.0/146 kB | 28/176 kB
2026.04.27 14:16:12 INFO  Progress (3): 93/159 kB | 6.4/146 kB | 28/176 kB
2026.04.27 14:16:12 INFO  Progress (3): 93/159 kB | 7.7/146 kB | 28/176 kB
2026.04.27 14:16:12 INFO  Progress (3): 93/159 kB | 9.1/146 kB | 28/176 kB
2026.04.27 14:16:12 INFO  Progress (3): 93/159 kB | 10/146 kB | 28/176 kB 
2026.04.27 14:16:12 INFO  Progress (3): 93/159 kB | 12/146 kB | 28/176 kB
2026.04.27 14:16:12 INFO  Progress (3): 93/159 kB | 13/146 kB | 28/176 kB
2026.04.27 14:16:12 INFO  Progress (3): 93/159 kB | 15/146 kB | 28/176 kB
2026.04.27 14:16:12 INFO  Progress (3): 93/159 kB | 16/146 kB | 28/176 kB
2026.04.27 14:16:12 INFO  Progress (3): 93/159 kB | 17/146 kB | 28/176 kB
2026.04.27 14:16:12 INFO  Progress (3): 93/159 kB | 19/146 kB | 28/176 kB
2026.04.27 14:16:12 INFO  Progress (3): 93/159 kB | 20/146 kB | 28/176 kB
2026.04.27 14:16:12 INFO  Progress (3): 93/159 kB | 21/146 kB | 28/176 kB
2026.04.27 14:16:12 INFO  Progress (3): 93/159 kB | 23/146 kB | 28/176 kB
2026.04.27 14:16:12 INFO  Progress (3): 93/159 kB | 24/146 kB | 28/176 kB
2026.04.27 14:16:12 INFO  Progress (3): 93/159 kB | 26/146 kB | 28/176 kB
2026.04.27 14:16:12 INFO  Progress (3): 93/159 kB | 27/146 kB | 28/176 kB
2026.04.27 14:16:12 INFO  Progress (3): 93/159 kB | 28/146 kB | 28/176 kB
2026.04.27 14:16:12 INFO  Progress (3): 93/159 kB | 30/146 kB | 28/176 kB
2026.04.27 14:16:12 INFO  Progress (3): 93/159 kB | 31/146 kB | 28/176 kB
2026.04.27 14:16:12 INFO  Progress (3): 93/159 kB | 32/146 kB | 28/176 kB
2026.04.27 14:16:12 INFO  Progress (3): 93/159 kB | 34/146 kB | 28/176 kB
2026.04.27 14:16:12 INFO  Progress (3): 93/159 kB | 35/146 kB | 28/176 kB
2026.04.27 14:16:12 INFO  Progress (3): 93/159 kB | 36/146 kB | 28/176 kB
2026.04.27 14:16:12 INFO  Progress (3): 93/159 kB | 38/146 kB | 28/176 kB
2026.04.27 14:16:12 INFO  Progress (3): 97/159 kB | 38/146 kB | 28/176 kB
2026.04.27 14:16:12 INFO  Progress (3): 101/159 kB | 38/146 kB | 28/176 kB
2026.04.27 14:16:12 INFO  Progress (3): 105/159 kB | 38/146 kB | 28/176 kB
2026.04.27 14:16:12 INFO  Progress (3): 110/159 kB | 38/146 kB | 28/176 kB
2026.04.27 14:16:12 INFO  Progress (3): 114/159 kB | 38/146 kB | 28/176 kB
2026.04.27 14:16:12 INFO  Progress (3): 114/159 kB | 39/146 kB | 28/176 kB
2026.04.27 14:16:12 INFO  Progress (3): 114/159 kB | 41/146 kB | 28/176 kB
2026.04.27 14:16:12 INFO  Progress (3): 114/159 kB | 42/146 kB | 28/176 kB
2026.04.27 14:16:12 INFO  Progress (3): 114/159 kB | 43/146 kB | 28/176 kB
2026.04.27 14:16:12 INFO  Progress (3): 114/159 kB | 45/146 kB | 28/176 kB
2026.04.27 14:16:12 INFO  Progress (3): 114/159 kB | 46/146 kB | 28/176 kB
2026.04.27 14:16:12 INFO  Progress (3): 114/159 kB | 47/146 kB | 28/176 kB
2026.04.27 14:16:12 INFO  Progress (3): 114/159 kB | 49/146 kB | 28/176 kB
2026.04.27 14:16:12 INFO  Progress (3): 114/159 kB | 50/146 kB | 28/176 kB
2026.04.27 14:16:12 INFO  Progress (3): 114/159 kB | 52/146 kB | 28/176 kB
2026.04.27 14:16:12 INFO  Progress (3): 114/159 kB | 53/146 kB | 28/176 kB
2026.04.27 14:16:12 INFO  Progress (3): 114/159 kB | 54/146 kB | 28/176 kB
2026.04.27 14:16:12 INFO  Progress (3): 114/159 kB | 56/146 kB | 28/176 kB
2026.04.27 14:16:12 INFO  Progress (3): 114/159 kB | 60/146 kB | 28/176 kB
2026.04.27 14:16:12 INFO  Progress (3): 114/159 kB | 64/146 kB | 28/176 kB
2026.04.27 14:16:12 INFO  Progress (3): 118/159 kB | 64/146 kB | 28/176 kB
2026.04.27 14:16:12 INFO  Progress (3): 122/159 kB | 64/146 kB | 28/176 kB
2026.04.27 14:16:12 INFO  Progress (3): 127/159 kB | 64/146 kB | 28/176 kB
2026.04.27 14:16:12 INFO  Progress (3): 131/159 kB | 64/146 kB | 28/176 kB
2026.04.27 14:16:12 INFO  Progress (3): 135/159 kB | 64/146 kB | 28/176 kB
2026.04.27 14:16:12 INFO  Progress (3): 139/159 kB | 64/146 kB | 28/176 kB
2026.04.27 14:16:12 INFO  Progress (3): 139/159 kB | 68/146 kB | 28/176 kB
2026.04.27 14:16:12 INFO  Progress (3): 139/159 kB | 73/146 kB | 28/176 kB
2026.04.27 14:16:12 INFO  Progress (3): 139/159 kB | 77/146 kB | 28/176 kB
2026.04.27 14:16:12 INFO  Progress (3): 139/159 kB | 81/146 kB | 28/176 kB
2026.04.27 14:16:12 INFO  Progress (3): 139/159 kB | 85/146 kB | 28/176 kB
2026.04.27 14:16:12 INFO  Progress (3): 139/159 kB | 85/146 kB | 30/176 kB
2026.04.27 14:16:12 INFO  Progress (3): 139/159 kB | 85/146 kB | 31/176 kB
2026.04.27 14:16:12 INFO  Progress (3): 139/159 kB | 85/146 kB | 32/176 kB
2026.04.27 14:16:12 INFO  Progress (3): 139/159 kB | 85/146 kB | 34/176 kB
2026.04.27 14:16:12 INFO  Progress (3): 139/159 kB | 85/146 kB | 35/176 kB
2026.04.27 14:16:12 INFO  Progress (3): 139/159 kB | 85/146 kB | 36/176 kB
2026.04.27 14:16:12 INFO  Progress (3): 139/159 kB | 85/146 kB | 38/176 kB
2026.04.27 14:16:12 INFO  Progress (3): 139/159 kB | 85/146 kB | 39/176 kB
2026.04.27 14:16:12 INFO  Progress (3): 139/159 kB | 85/146 kB | 41/176 kB
2026.04.27 14:16:12 INFO  Progress (3): 139/159 kB | 85/146 kB | 42/176 kB
2026.04.27 14:16:12 INFO  Progress (3): 139/159 kB | 85/146 kB | 43/176 kB
2026.04.27 14:16:12 INFO  Progress (3): 139/159 kB | 85/146 kB | 45/176 kB
2026.04.27 14:16:12 INFO  Progress (3): 139/159 kB | 85/146 kB | 46/176 kB
2026.04.27 14:16:12 INFO  Progress (3): 139/159 kB | 85/146 kB | 47/176 kB
2026.04.27 14:16:12 INFO  Progress (3): 139/159 kB | 85/146 kB | 49/176 kB
2026.04.27 14:16:12 INFO  Progress (3): 139/159 kB | 85/146 kB | 50/176 kB
2026.04.27 14:16:12 INFO  Progress (3): 139/159 kB | 85/146 kB | 52/176 kB
2026.04.27 14:16:12 INFO  Progress (3): 139/159 kB | 85/146 kB | 53/176 kB
2026.04.27 14:16:12 INFO  Progress (3): 139/159 kB | 85/146 kB | 54/176 kB
2026.04.27 14:16:12 INFO  Progress (3): 139/159 kB | 85/146 kB | 56/176 kB
2026.04.27 14:16:12 INFO  Progress (3): 139/159 kB | 85/146 kB | 60/176 kB
2026.04.27 14:16:12 INFO  Progress (3): 139/159 kB | 85/146 kB | 64/176 kB
2026.04.27 14:16:12 INFO  Progress (3): 139/159 kB | 85/146 kB | 68/176 kB
2026.04.27 14:16:12 INFO  Progress (3): 139/159 kB | 85/146 kB | 73/176 kB
2026.04.27 14:16:12 INFO  Progress (3): 139/159 kB | 85/146 kB | 77/176 kB
2026.04.27 14:16:12 INFO  Progress (3): 139/159 kB | 85/146 kB | 81/176 kB
2026.04.27 14:16:12 INFO  Progress (3): 139/159 kB | 85/146 kB | 85/176 kB
2026.04.27 14:16:12 INFO  Progress (3): 139/159 kB | 85/146 kB | 89/176 kB
2026.04.27 14:16:12 INFO  Progress (3): 139/159 kB | 85/146 kB | 94/176 kB
2026.04.27 14:16:12 INFO  Progress (3): 139/159 kB | 85/146 kB | 98/176 kB
2026.04.27 14:16:12 INFO  Progress (3): 139/159 kB | 85/146 kB | 102/176 kB
2026.04.27 14:16:12 INFO  Progress (3): 139/159 kB | 85/146 kB | 106/176 kB
2026.04.27 14:16:12 INFO  Progress (4): 139/159 kB | 85/146 kB | 106/176 kB | 3.8/26 kB
2026.04.27 14:16:12 INFO  Progress (4): 139/159 kB | 85/146 kB | 111/176 kB | 3.8/26 kB
2026.04.27 14:16:12 INFO  Progress (4): 139/159 kB | 85/146 kB | 115/176 kB | 3.8/26 kB
2026.04.27 14:16:12 INFO  Progress (4): 139/159 kB | 85/146 kB | 119/176 kB | 3.8/26 kB
2026.04.27 14:16:12 INFO  Progress (4): 139/159 kB | 85/146 kB | 123/176 kB | 3.8/26 kB
2026.04.27 14:16:12 INFO  Progress (4): 139/159 kB | 85/146 kB | 128/176 kB | 3.8/26 kB
2026.04.27 14:16:12 INFO  Progress (4): 139/159 kB | 85/146 kB | 131/176 kB | 3.8/26 kB
2026.04.27 14:16:12 INFO  Progress (4): 139/159 kB | 85/146 kB | 135/176 kB | 3.8/26 kB
2026.04.27 14:16:12 INFO  Progress (4): 139/159 kB | 85/146 kB | 139/176 kB | 3.8/26 kB
2026.04.27 14:16:12 INFO  Progress (4): 139/159 kB | 85/146 kB | 143/176 kB | 3.8/26 kB
2026.04.27 14:16:12 INFO  Progress (4): 139/159 kB | 85/146 kB | 147/176 kB | 3.8/26 kB
2026.04.27 14:16:12 INFO  Progress (4): 139/159 kB | 85/146 kB | 152/176 kB | 3.8/26 kB
2026.04.27 14:16:12 INFO  Progress (4): 139/159 kB | 85/146 kB | 152/176 kB | 8.0/26 kB
2026.04.27 14:16:12 INFO  Progress (4): 139/159 kB | 85/146 kB | 152/176 kB | 12/26 kB 
2026.04.27 14:16:12 INFO  Progress (4): 139/159 kB | 89/146 kB | 152/176 kB | 12/26 kB
2026.04.27 14:16:12 INFO  Progress (4): 139/159 kB | 94/146 kB | 152/176 kB | 12/26 kB
2026.04.27 14:16:12 INFO  Progress (4): 139/159 kB | 98/146 kB | 152/176 kB | 12/26 kB
2026.04.27 14:16:12 INFO  Progress (4): 139/159 kB | 102/146 kB | 152/176 kB | 12/26 kB
2026.04.27 14:16:12 INFO  Progress (4): 139/159 kB | 106/146 kB | 152/176 kB | 12/26 kB
2026.04.27 14:16:12 INFO  Progress (4): 139/159 kB | 111/146 kB | 152/176 kB | 12/26 kB
2026.04.27 14:16:12 INFO  Progress (4): 139/159 kB | 115/146 kB | 152/176 kB | 12/26 kB
2026.04.27 14:16:12 INFO  Progress (4): 139/159 kB | 119/146 kB | 152/176 kB | 12/26 kB
2026.04.27 14:16:12 INFO  Progress (4): 139/159 kB | 123/146 kB | 152/176 kB | 12/26 kB
2026.04.27 14:16:12 INFO  Progress (4): 139/159 kB | 128/146 kB | 152/176 kB | 12/26 kB
2026.04.27 14:16:12 INFO  Progress (4): 139/159 kB | 131/146 kB | 152/176 kB | 12/26 kB
2026.04.27 14:16:12 INFO  Progress (4): 139/159 kB | 135/146 kB | 152/176 kB | 12/26 kB
2026.04.27 14:16:12 INFO  Progress (4): 139/159 kB | 135/146 kB | 156/176 kB | 12/26 kB
2026.04.27 14:16:12 INFO  Progress (4): 139/159 kB | 135/146 kB | 160/176 kB | 12/26 kB
2026.04.27 14:16:12 INFO  Progress (4): 144/159 kB | 135/146 kB | 160/176 kB | 12/26 kB
2026.04.27 14:16:12 INFO  Progress (4): 144/159 kB | 135/146 kB | 164/176 kB | 12/26 kB
2026.04.27 14:16:12 INFO  Progress (4): 148/159 kB | 135/146 kB | 164/176 kB | 12/26 kB
2026.04.27 14:16:12 INFO  Progress (4): 152/159 kB | 135/146 kB | 164/176 kB | 12/26 kB
2026.04.27 14:16:12 INFO  Progress (4): 156/159 kB | 135/146 kB | 164/176 kB | 12/26 kB
2026.04.27 14:16:12 INFO  Progress (4): 159 kB | 135/146 kB | 164/176 kB | 12/26 kB    
2026.04.27 14:16:12 INFO                                                           
2026.04.27 14:16:12 INFO  Downloaded from central: https://repo.maven.apache.org/maven2/net/alchim31/maven/scala-maven-plugin/4.8.0/scala-maven-plugin-4.8.0.jar (159 kB at 131 kB/s)
2026.04.27 14:16:12 INFO  Downloading from central: https://repo.maven.apache.org/maven2/org/codehaus/plexus/plexus-io/3.4.0/plexus-io-3.4.0.jar
2026.04.27 14:16:12 INFO  Progress (3): 135/146 kB | 169/176 kB | 12/26 kB
2026.04.27 14:16:12 INFO  Progress (3): 135/146 kB | 173/176 kB | 12/26 kB
2026.04.27 14:16:12 INFO  Progress (3): 135/146 kB | 176 kB | 12/26 kB    
2026.04.27 14:16:12 INFO                                              
2026.04.27 14:16:12 INFO  Downloaded from central: https://repo.maven.apache.org/maven2/com/github/plokhotnyuk/jsoniter-scala/jsoniter-scala-core_2.13/2.13.5.2/jsoniter-scala-core_2.13-2.13.5.2.jar (176 kB at 142 kB/s)
2026.04.27 14:16:12 INFO  Downloading from central: https://repo.maven.apache.org/maven2/org/apache/commons/commons-exec/1.3/commons-exec-1.3.jar
2026.04.27 14:16:12 INFO  Progress (2): 139/146 kB | 12/26 kB
2026.04.27 14:16:12 INFO  Progress (2): 143/146 kB | 12/26 kB
2026.04.27 14:16:12 INFO  Progress (2): 146 kB | 12/26 kB    
2026.04.27 14:16:12 INFO                                 
2026.04.27 14:16:12 INFO  Downloaded from central: https://repo.maven.apache.org/maven2/org/eclipse/aether/aether-util/1.0.0.v20140518/aether-util-1.0.0.v20140518.jar (146 kB at 112 kB/s)
2026.04.27 14:16:12 INFO  Downloading from central: https://repo.maven.apache.org/maven2/org/codehaus/plexus/plexus-utils/3.5.0/plexus-utils-3.5.0.jar
2026.04.27 14:16:12 INFO  Progress (1): 16/26 kB
2026.04.27 14:16:12 INFO  Progress (1): 21/26 kB
2026.04.27 14:16:12 INFO  Progress (1): 25/26 kB
2026.04.27 14:16:12 INFO  Progress (2): 25/26 kB | 3.8/79 kB
2026.04.27 14:16:12 INFO  Progress (2): 25/26 kB | 8.0/79 kB
2026.04.27 14:16:12 INFO  Progress (2): 25/26 kB | 12/79 kB 
2026.04.27 14:16:12 INFO  Progress (2): 25/26 kB | 16/79 kB
2026.04.27 14:16:12 INFO  Progress (2): 25/26 kB | 21/79 kB
2026.04.27 14:16:12 INFO  Progress (2): 25/26 kB | 24/79 kB
2026.04.27 14:16:12 INFO  Progress (2): 25/26 kB | 28/79 kB
2026.04.27 14:16:12 INFO  Progress (2): 25/26 kB | 33/79 kB
2026.04.27 14:16:12 INFO  Progress (2): 25/26 kB | 37/79 kB
2026.04.27 14:16:12 INFO  Progress (2): 25/26 kB | 41/79 kB
2026.04.27 14:16:12 INFO  Progress (2): 25/26 kB | 45/79 kB
2026.04.27 14:16:12 INFO  Progress (2): 25/26 kB | 49/79 kB
2026.04.27 14:16:12 INFO  Progress (3): 25/26 kB | 49/79 kB | 3.8/54 kB
2026.04.27 14:16:12 INFO  Progress (3): 25/26 kB | 54/79 kB | 3.8/54 kB
2026.04.27 14:16:12 INFO  Progress (3): 25/26 kB | 58/79 kB | 3.8/54 kB
2026.04.27 14:16:12 INFO  Progress (3): 25/26 kB | 62/79 kB | 3.8/54 kB
2026.04.27 14:16:12 INFO  Progress (3): 25/26 kB | 79/79 kB | 3.8/54 kB
2026.04.27 14:16:12 INFO  Progress (3): 25/26 kB | 79 kB | 3.8/54 kB   
2026.04.27 14:16:12 INFO                                            
2026.04.27 14:16:12 INFO  Downloaded from central: https://repo.maven.apache.org/maven2/org/codehaus/plexus/plexus-io/3.4.0/plexus-io-3.4.0.jar (79 kB at 54 kB/s)
2026.04.27 14:16:12 INFO  Downloading from central: https://repo.maven.apache.org/maven2/org/codehaus/plexus/plexus-archiver/4.6.0/plexus-archiver-4.6.0.jar
2026.04.27 14:16:12 INFO  Progress (3): 25/26 kB | 3.8/54 kB | 3.8/267 kB
2026.04.27 14:16:12 INFO  Progress (3): 25/26 kB | 3.8/54 kB | 8.0/267 kB
2026.04.27 14:16:12 INFO  Progress (3): 25/26 kB | 3.8/54 kB | 12/267 kB 
2026.04.27 14:16:12 INFO  Progress (3): 25/26 kB | 3.8/54 kB | 16/267 kB
2026.04.27 14:16:12 INFO  Progress (3): 25/26 kB | 3.8/54 kB | 21/267 kB
2026.04.27 14:16:12 INFO  Progress (3): 25/26 kB | 3.8/54 kB | 25/267 kB
2026.04.27 14:16:12 INFO  Progress (3): 25/26 kB | 3.8/54 kB | 29/267 kB
2026.04.27 14:16:12 INFO  Progress (3): 25/26 kB | 3.8/54 kB | 33/267 kB
2026.04.27 14:16:12 INFO  Progress (3): 25/26 kB | 3.8/54 kB | 38/267 kB
2026.04.27 14:16:12 INFO  Progress (4): 25/26 kB | 3.8/54 kB | 38/267 kB | 7.7/12 kB
2026.04.27 14:16:12 INFO  Progress (4): 25/26 kB | 3.8/54 kB | 38/267 kB | 12 kB    
2026.04.27 14:16:12 INFO                                                        
2026.04.27 14:16:12 INFO  Downloaded from central: https://repo.maven.apache.org/maven2/org/apache/maven/doxia/doxia-logging-api/1.11.1/doxia-logging-api-1.11.1.jar (12 kB at 7.6 kB/s)
2026.04.27 14:16:12 INFO  Downloading from central: https://repo.maven.apache.org/maven2/org/iq80/snappy/snappy/0.4/snappy-0.4.jar
2026.04.27 14:16:12 INFO  Progress (3): 26 kB | 3.8/54 kB | 38/267 kB
2026.04.27 14:16:12 INFO                                             
2026.04.27 14:16:12 INFO  Downloaded from central: https://repo.maven.apache.org/maven2/org/apache/maven/maven-archiver/3.6.0/maven-archiver-3.6.0.jar (26 kB at 17 kB/s)
2026.04.27 14:16:12 INFO  Downloading from central: https://repo.maven.apache.org/maven2/org/codehaus/plexus/plexus-classworlds/2.7.0/plexus-classworlds-2.7.0.jar
2026.04.27 14:16:13 INFO  Progress (3): 3.8/54 kB | 38/267 kB | 7.7/216 kB
2026.04.27 14:16:13 INFO  Progress (3): 3.8/54 kB | 38/267 kB | 16/216 kB 
2026.04.27 14:16:13 INFO  Progress (3): 3.8/54 kB | 38/267 kB | 32/216 kB
2026.04.27 14:16:13 INFO  Progress (3): 3.8/54 kB | 38/267 kB | 48/216 kB
2026.04.27 14:16:13 INFO  Progress (3): 8.0/54 kB | 38/267 kB | 48/216 kB
2026.04.27 14:16:13 INFO  Progress (3): 12/54 kB | 38/267 kB | 48/216 kB 
2026.04.27 14:16:13 INFO  Progress (3): 12/54 kB | 38/267 kB | 48/216 kB
2026.04.27 14:16:13 INFO  Progress (3): 17/54 kB | 38/267 kB | 48/216 kB
2026.04.27 14:16:13 INFO  Progress (3): 21/54 kB | 38/267 kB | 48/216 kB
2026.04.27 14:16:13 INFO  Progress (3): 25/54 kB | 38/267 kB | 48/216 kB
2026.04.27 14:16:13 INFO  Progress (3): 29/54 kB | 38/267 kB | 48/216 kB
2026.04.27 14:16:13 INFO  Progress (3): 33/54 kB | 38/267 kB | 48/216 kB
2026.04.27 14:16:13 INFO  Progress (3): 38/54 kB | 38/267 kB | 48/216 kB
2026.04.27 14:16:13 INFO  Progress (3): 42/54 kB | 38/267 kB | 48/216 kB
2026.04.27 14:16:13 INFO  Progress (3): 54 kB | 38/267 kB | 48/216 kB   
2026.04.27 14:16:13 INFO  Progress (3): 54 kB | 42/267 kB | 48/216 kB
2026.04.27 14:16:13 INFO  Progress (3): 54 kB | 46/267 kB | 48/216 kB
2026.04.27 14:16:13 INFO                                             
2026.04.27 14:16:13 INFO  Downloaded from central: https://repo.maven.apache.org/maven2/org/apache/commons/commons-exec/1.3/commons-exec-1.3.jar (54 kB at 32 kB/s)
2026.04.27 14:16:13 INFO  Downloading from central: https://repo.maven.apache.org/maven2/org/scala-sbt/zinc_2.13/1.8.0/zinc_2.13-1.8.0.jar
2026.04.27 14:16:13 INFO  Progress (3): 46/267 kB | 48/216 kB | 3.8/53 kB
2026.04.27 14:16:13 INFO  Progress (3): 50/267 kB | 48/216 kB | 3.8/53 kB
2026.04.27 14:16:13 INFO  Progress (3): 54/267 kB | 48/216 kB | 3.8/53 kB
2026.04.27 14:16:13 INFO  Progress (3): 59/267 kB | 48/216 kB | 3.8/53 kB
2026.04.27 14:16:13 INFO  Progress (3): 63/267 kB | 48/216 kB | 3.8/53 kB
2026.04.27 14:16:13 INFO  Progress (3): 67/267 kB | 48/216 kB | 3.8/53 kB
2026.04.27 14:16:13 INFO  Progress (3): 71/267 kB | 48/216 kB | 3.8/53 kB
2026.04.27 14:16:13 INFO  Progress (3): 76/267 kB | 48/216 kB | 3.8/53 kB
2026.04.27 14:16:13 INFO  Progress (3): 92/267 kB | 48/216 kB | 3.8/53 kB
2026.04.27 14:16:13 INFO  Progress (3): 108/267 kB | 48/216 kB | 3.8/53 kB
2026.04.27 14:16:13 INFO  Progress (3): 125/267 kB | 48/216 kB | 3.8/53 kB
2026.04.27 14:16:13 INFO  Progress (3): 131/267 kB | 48/216 kB | 3.8/53 kB
2026.04.27 14:16:13 INFO  Progress (3): 147/267 kB | 48/216 kB | 3.8/53 kB
2026.04.27 14:16:13 INFO  Progress (3): 163/267 kB | 48/216 kB | 3.8/53 kB
2026.04.27 14:16:13 INFO  Progress (3): 180/267 kB | 48/216 kB | 3.8/53 kB
2026.04.27 14:16:13 INFO  Progress (3): 196/267 kB | 48/216 kB | 3.8/53 kB
2026.04.27 14:16:13 INFO  Progress (3): 212/267 kB | 48/216 kB | 3.8/53 kB
2026.04.27 14:16:13 INFO  Progress (3): 229/267 kB | 48/216 kB | 3.8/53 kB
2026.04.27 14:16:13 INFO  Progress (3): 245/267 kB | 48/216 kB | 3.8/53 kB
2026.04.27 14:16:13 INFO  Progress (3): 262/267 kB | 48/216 kB | 3.8/53 kB
2026.04.27 14:16:13 INFO  Progress (4): 262/267 kB | 48/216 kB | 3.8/53 kB | 7.7/58 kB
2026.04.27 14:16:13 INFO  Progress (4): 262/267 kB | 48/216 kB | 3.8/53 kB | 16/58 kB 
2026.04.27 14:16:13 INFO  Progress (5): 262/267 kB | 48/216 kB | 3.8/53 kB | 16/58 kB | 7.7/85 kB
2026.04.27 14:16:13 INFO  Progress (5): 262/267 kB | 48/216 kB | 3.8/53 kB | 16/58 kB | 16/85 kB 
2026.04.27 14:16:13 INFO  Progress (5): 262/267 kB | 48/216 kB | 3.8/53 kB | 16/58 kB | 24/85 kB
2026.04.27 14:16:13 INFO  Progress (5): 262/267 kB | 48/216 kB | 3.8/53 kB | 16/58 kB | 40/85 kB
2026.04.27 14:16:13 INFO  Progress (5): 262/267 kB | 48/216 kB | 3.8/53 kB | 16/58 kB | 57/85 kB
2026.04.27 14:16:13 INFO  Progress (5): 262/267 kB | 48/216 kB | 3.8/53 kB | 32/58 kB | 57/85 kB
2026.04.27 14:16:13 INFO  Progress (5): 262/267 kB | 48/216 kB | 3.8/53 kB | 49/58 kB | 57/85 kB
2026.04.27 14:16:13 INFO  Progress (5): 262/267 kB | 48/216 kB | 3.8/53 kB | 58 kB | 57/85 kB   
2026.04.27 14:16:13 INFO  Progress (5): 262/267 kB | 48/216 kB | 3.8/53 kB | 58 kB | 73/85 kB
2026.04.27 14:16:13 INFO                                                                     
2026.04.27 14:16:13 INFO  Downloaded from central: https://repo.maven.apache.org/maven2/org/iq80/snappy/snappy/0.4/snappy-0.4.jar (58 kB at 29 kB/s)
2026.04.27 14:16:13 INFO  Downloading from central: https://repo.maven.apache.org/maven2/org/scala-sbt/zinc-core_2.13/1.8.0/zinc-core_2.13-1.8.0.jar
2026.04.27 14:16:13 INFO  Progress (4): 262/267 kB | 48/216 kB | 3.8/53 kB | 85 kB
2026.04.27 14:16:13 INFO                                                          
2026.04.27 14:16:13 INFO  Downloaded from central: https://repo.maven.apache.org/maven2/org/scala-sbt/zinc_2.13/1.8.0/zinc_2.13-1.8.0.jar (85 kB at 42 kB/s)
2026.04.27 14:16:13 INFO  Downloading from central: https://repo.maven.apache.org/maven2/org/scala-sbt/zinc-apiinfo_2.13/1.8.0/zinc-apiinfo_2.13-1.8.0.jar
2026.04.27 14:16:13 INFO  Progress (3): 267 kB | 48/216 kB | 3.8/53 kB
2026.04.27 14:16:13 INFO                                              
2026.04.27 14:16:13 INFO  Downloaded from central: https://repo.maven.apache.org/maven2/org/codehaus/plexus/plexus-utils/3.5.0/plexus-utils-3.5.0.jar (267 kB at 131 kB/s)
2026.04.27 14:16:13 INFO  Downloading from central: https://repo.maven.apache.org/maven2/org/scala-sbt/compiler-bridge_2.13/1.8.0/compiler-bridge_2.13-1.8.0.jar
2026.04.27 14:16:13 INFO  Progress (2): 48/216 kB | 8.0/53 kB
2026.04.27 14:16:13 INFO  Progress (2): 48/216 kB | 12/53 kB 
2026.04.27 14:16:13 INFO  Progress (2): 48/216 kB | 16/53 kB
2026.04.27 14:16:13 INFO  Progress (2): 48/216 kB | 21/53 kB
2026.04.27 14:16:13 INFO  Progress (2): 48/216 kB | 25/53 kB
2026.04.27 14:16:13 INFO  Progress (2): 48/216 kB | 29/53 kB
2026.04.27 14:16:13 INFO  Progress (2): 48/216 kB | 33/53 kB
2026.04.27 14:16:13 INFO  Progress (2): 48/216 kB | 38/53 kB
2026.04.27 14:16:13 INFO  Progress (2): 48/216 kB | 42/53 kB
2026.04.27 14:16:13 INFO  Progress (2): 48/216 kB | 46/53 kB
2026.04.27 14:16:13 INFO  Progress (2): 48/216 kB | 50/53 kB
2026.04.27 14:16:13 INFO  Progress (2): 65/216 kB | 50/53 kB
2026.04.27 14:16:13 INFO  Progress (2): 81/216 kB | 50/53 kB
2026.04.27 14:16:13 INFO  Progress (2): 97/216 kB | 50/53 kB
2026.04.27 14:16:13 INFO  Progress (2): 114/216 kB | 50/53 kB
2026.04.27 14:16:13 INFO  Progress (2): 130/216 kB | 50/53 kB
2026.04.27 14:16:13 INFO  Progress (2): 147/216 kB | 50/53 kB
2026.04.27 14:16:13 INFO  Progress (2): 163/216 kB | 50/53 kB
2026.04.27 14:16:13 INFO  Progress (2): 179/216 kB | 50/53 kB
2026.04.27 14:16:13 INFO  Progress (2): 196/216 kB | 50/53 kB
2026.04.27 14:16:13 INFO  Progress (2): 212/216 kB | 50/53 kB
2026.04.27 14:16:13 INFO  Progress (2): 216 kB | 50/53 kB    
2026.04.27 14:16:13 INFO                                 
2026.04.27 14:16:13 INFO  Downloaded from central: https://repo.maven.apache.org/maven2/org/codehaus/plexus/plexus-archiver/4.6.0/plexus-archiver-4.6.0.jar (216 kB at 100 kB/s)
2026.04.27 14:16:13 INFO  Downloading from central: https://repo.maven.apache.org/maven2/org/scala-sbt/zinc-classpath_2.13/1.8.0/zinc-classpath_2.13-1.8.0.jar
2026.04.27 14:16:13 INFO  Progress (2): 50/53 kB | 16/490 kB
2026.04.27 14:16:13 INFO  Progress (2): 50/53 kB | 33/490 kB
2026.04.27 14:16:13 INFO  Progress (2): 53 kB | 33/490 kB   
2026.04.27 14:16:13 INFO  Progress (3): 53 kB | 33/490 kB | 7.7/165 kB
2026.04.27 14:16:13 INFO  Progress (3): 53 kB | 33/490 kB | 16/165 kB 
2026.04.27 14:16:13 INFO                                             
2026.04.27 14:16:13 INFO  Downloaded from central: https://repo.maven.apache.org/maven2/org/codehaus/plexus/plexus-classworlds/2.7.0/plexus-classworlds-2.7.0.jar (53 kB at 24 kB/s)
2026.04.27 14:16:13 INFO  Downloading from central: https://repo.maven.apache.org/maven2/org/scala-lang/scala-compiler/2.13.8/scala-compiler-2.13.8.jar
2026.04.27 14:16:13 INFO  Progress (2): 49/490 kB | 16/165 kB
2026.04.27 14:16:13 INFO  Progress (2): 57/490 kB | 16/165 kB
2026.04.27 14:16:13 INFO  Progress (2): 74/490 kB | 16/165 kB
2026.04.27 14:16:13 INFO  Progress (2): 90/490 kB | 16/165 kB
2026.04.27 14:16:13 INFO  Progress (2): 106/490 kB | 16/165 kB
2026.04.27 14:16:13 INFO  Progress (2): 123/490 kB | 16/165 kB
2026.04.27 14:16:13 INFO  Progress (3): 123/490 kB | 16/165 kB | 7.7/89 kB
2026.04.27 14:16:13 INFO  Progress (3): 123/490 kB | 16/165 kB | 16/89 kB 
2026.04.27 14:16:13 INFO  Progress (3): 123/490 kB | 16/165 kB | 25/89 kB
2026.04.27 14:16:13 INFO  Progress (3): 131/490 kB | 16/165 kB | 25/89 kB
2026.04.27 14:16:13 INFO  Progress (3): 131/490 kB | 16/165 kB | 41/89 kB
2026.04.27 14:16:13 INFO  Progress (3): 131/490 kB | 16/165 kB | 57/89 kB
2026.04.27 14:16:13 INFO  Progress (3): 131/490 kB | 16/165 kB | 74/89 kB
2026.04.27 14:16:13 INFO  Progress (3): 147/490 kB | 16/165 kB | 74/89 kB
2026.04.27 14:16:13 INFO  Progress (3): 147/490 kB | 16/165 kB | 89 kB   
2026.04.27 14:16:13 INFO                                              
2026.04.27 14:16:13 INFO  Downloaded from central: https://repo.maven.apache.org/maven2/org/scala-sbt/zinc-classpath_2.13/1.8.0/zinc-classpath_2.13-1.8.0.jar (89 kB at 37 kB/s)
2026.04.27 14:16:13 INFO  Downloading from central: https://repo.maven.apache.org/maven2/org/scala-sbt/compiler-interface/1.8.0/compiler-interface-1.8.0.jar
2026.04.27 14:16:13 INFO  Progress (2): 164/490 kB | 16/165 kB
2026.04.27 14:16:13 INFO  Progress (3): 164/490 kB | 16/165 kB | 7.7/243 kB
2026.04.27 14:16:13 INFO  Progress (3): 164/490 kB | 16/165 kB | 16/243 kB 
2026.04.27 14:16:13 INFO  Progress (3): 164/490 kB | 16/165 kB | 32/243 kB
2026.04.27 14:16:13 INFO  Progress (3): 164/490 kB | 16/165 kB | 49/243 kB
2026.04.27 14:16:13 INFO  Progress (3): 164/490 kB | 16/165 kB | 65/243 kB
2026.04.27 14:16:13 INFO  Progress (3): 180/490 kB | 16/165 kB | 65/243 kB
2026.04.27 14:16:13 INFO  Progress (3): 180/490 kB | 16/165 kB | 81/243 kB
2026.04.27 14:16:13 INFO  Progress (3): 180/490 kB | 16/165 kB | 98/243 kB
2026.04.27 14:16:13 INFO  Progress (3): 180/490 kB | 16/165 kB | 114/243 kB
2026.04.27 14:16:13 INFO  Progress (3): 180/490 kB | 16/165 kB | 123/243 kB
2026.04.27 14:16:13 INFO  Progress (3): 180/490 kB | 16/165 kB | 139/243 kB
2026.04.27 14:16:13 INFO  Progress (3): 180/490 kB | 16/165 kB | 156/243 kB
2026.04.27 14:16:13 INFO  Progress (3): 180/490 kB | 16/165 kB | 172/243 kB
2026.04.27 14:16:13 INFO  Progress (4): 180/490 kB | 16/165 kB | 172/243 kB | 0/12 MB
2026.04.27 14:16:13 INFO  Progress (4): 180/490 kB | 32/165 kB | 172/243 kB | 0/12 MB
2026.04.27 14:16:13 INFO  Progress (4): 180/490 kB | 49/165 kB | 172/243 kB | 0/12 MB
2026.04.27 14:16:13 INFO  Progress (4): 180/490 kB | 49/165 kB | 188/243 kB | 0/12 MB
2026.04.27 14:16:13 INFO  Progress (4): 180/490 kB | 49/165 kB | 205/243 kB | 0/12 MB
2026.04.27 14:16:13 INFO  Progress (4): 180/490 kB | 49/165 kB | 221/243 kB | 0/12 MB
2026.04.27 14:16:13 INFO  Progress (4): 180/490 kB | 49/165 kB | 238/243 kB | 0/12 MB
2026.04.27 14:16:13 INFO  Progress (4): 180/490 kB | 49/165 kB | 243 kB | 0/12 MB    
2026.04.27 14:16:13 INFO                                                         
2026.04.27 14:16:13 INFO  Downloaded from central: https://repo.maven.apache.org/maven2/org/scala-sbt/compiler-bridge_2.13/1.8.0/compiler-bridge_2.13-1.8.0.jar (243 kB at 97 kB/s)
2026.04.27 14:16:13 INFO  Downloading from central: https://repo.maven.apache.org/maven2/org/scala-sbt/util-interface/1.8.0/util-interface-1.8.0.jar
2026.04.27 14:16:13 INFO  Progress (3): 180/490 kB | 65/165 kB | 0/12 MB
2026.04.27 14:16:13 INFO  Progress (3): 180/490 kB | 81/165 kB | 0/12 MB
2026.04.27 14:16:13 INFO  Progress (3): 180/490 kB | 98/165 kB | 0/12 MB
2026.04.27 14:16:13 INFO  Progress (3): 180/490 kB | 114/165 kB | 0/12 MB
2026.04.27 14:16:13 INFO  Progress (3): 180/490 kB | 131/165 kB | 0/12 MB
2026.04.27 14:16:13 INFO  Progress (3): 180/490 kB | 147/165 kB | 0/12 MB
2026.04.27 14:16:13 INFO  Progress (3): 180/490 kB | 163/165 kB | 0/12 MB
2026.04.27 14:16:13 INFO  Progress (3): 180/490 kB | 165 kB | 0/12 MB    
2026.04.27 14:16:13 INFO                                             
2026.04.27 14:16:13 INFO  Downloaded from central: https://repo.maven.apache.org/maven2/org/scala-sbt/zinc-apiinfo_2.13/1.8.0/zinc-apiinfo_2.13-1.8.0.jar (165 kB at 64 kB/s)
2026.04.27 14:16:13 INFO  Downloading from central: https://repo.maven.apache.org/maven2/org/scala-sbt/zinc-persist-core-assembly/1.8.0/zinc-persist-core-assembly-1.8.0.jar
2026.04.27 14:16:14 INFO  Progress (2): 197/490 kB | 0/12 MB
2026.04.27 14:16:14 INFO  Progress (2): 213/490 kB | 0/12 MB
2026.04.27 14:16:14 INFO  Progress (3): 213/490 kB | 0/12 MB | 3.3 kB
2026.04.27 14:16:14 INFO                                             
2026.04.27 14:16:14 INFO  Downloaded from central: https://repo.maven.apache.org/maven2/org/scala-sbt/util-interface/1.8.0/util-interface-1.8.0.jar (3.3 kB at 1.2 kB/s)
2026.04.27 14:16:14 INFO  Downloading from central: https://repo.maven.apache.org/maven2/org/scala-lang/modules/scala-parallel-collections_2.13/0.2.0/scala-parallel-collections_2.13-0.2.0.jar
2026.04.27 14:16:14 INFO  Progress (2): 229/490 kB | 0/12 MB
2026.04.27 14:16:14 INFO  Progress (2): 246/490 kB | 0/12 MB
2026.04.27 14:16:14 INFO  Progress (2): 246/490 kB | 0/12 MB
2026.04.27 14:16:14 INFO  Progress (2): 246/490 kB | 0/12 MB
2026.04.27 14:16:14 INFO  Progress (2): 246/490 kB | 0/12 MB
2026.04.27 14:16:14 INFO  Progress (2): 246/490 kB | 0/12 MB
2026.04.27 14:16:14 INFO  Progress (2): 246/490 kB | 0/12 MB
2026.04.27 14:16:14 INFO  Progress (2): 246/490 kB | 0/12 MB
2026.04.27 14:16:14 INFO  Progress (2): 246/490 kB | 0/12 MB
2026.04.27 14:16:14 INFO  Progress (2): 246/490 kB | 0/12 MB
2026.04.27 14:16:14 INFO  Progress (2): 246/490 kB | 0/12 MB
2026.04.27 14:16:14 INFO  Progress (2): 246/490 kB | 0/12 MB
2026.04.27 14:16:14 INFO  Progress (2): 246/490 kB | 0/12 MB
2026.04.27 14:16:14 INFO  Progress (2): 246/490 kB | 0/12 MB
2026.04.27 14:16:14 INFO  Progress (2): 246/490 kB | 0.1/12 MB
2026.04.27 14:16:14 INFO  Progress (2): 246/490 kB | 0.1/12 MB
2026.04.27 14:16:14 INFO  Progress (2): 246/490 kB | 0.1/12 MB
2026.04.27 14:16:14 INFO  Progress (2): 246/490 kB | 0.1/12 MB
2026.04.27 14:16:14 INFO  Progress (2): 246/490 kB | 0.1/12 MB
2026.04.27 14:16:14 INFO  Progress (2): 262/490 kB | 0.1/12 MB
2026.04.27 14:16:14 INFO  Progress (2): 262/490 kB | 0.1/12 MB
2026.04.27 14:16:14 INFO  Progress (2): 279/490 kB | 0.1/12 MB
2026.04.27 14:16:14 INFO  Progress (3): 279/490 kB | 0.1/12 MB | 0/2.6 MB
2026.04.27 14:16:14 INFO  Progress (3): 279/490 kB | 0.1/12 MB | 0/2.6 MB
2026.04.27 14:16:14 INFO  Progress (3): 295/490 kB | 0.1/12 MB | 0/2.6 MB
2026.04.27 14:16:14 INFO  Progress (3): 311/490 kB | 0.1/12 MB | 0/2.6 MB
2026.04.27 14:16:14 INFO  Progress (3): 328/490 kB | 0.1/12 MB | 0/2.6 MB
2026.04.27 14:16:14 INFO  Progress (3): 344/490 kB | 0.1/12 MB | 0/2.6 MB
2026.04.27 14:16:14 INFO  Progress (4): 344/490 kB | 0.1/12 MB | 0/2.6 MB | 7.7/112 kB
2026.04.27 14:16:14 INFO  Progress (4): 344/490 kB | 0.1/12 MB | 0/2.6 MB | 16/112 kB 
2026.04.27 14:16:14 INFO  Progress (4): 344/490 kB | 0.1/12 MB | 0/2.6 MB | 24/112 kB
2026.04.27 14:16:14 INFO  Progress (4): 344/490 kB | 0.1/12 MB | 0/2.6 MB | 40/112 kB
2026.04.27 14:16:14 INFO  Progress (4): 344/490 kB | 0.1/12 MB | 0/2.6 MB | 40/112 kB
2026.04.27 14:16:14 INFO  Progress (4): 344/490 kB | 0.1/12 MB | 0/2.6 MB | 49/112 kB
2026.04.27 14:16:14 INFO  Progress (4): 344/490 kB | 0.1/12 MB | 0/2.6 MB | 66/112 kB
2026.04.27 14:16:14 INFO  Progress (4): 344/490 kB | 0.1/12 MB | 0/2.6 MB | 82/112 kB
2026.04.27 14:16:14 INFO  Progress (4): 344/490 kB | 0.1/12 MB | 0/2.6 MB | 98/112 kB
2026.04.27 14:16:14 INFO  Progress (4): 344/490 kB | 0.1/12 MB | 0/2.6 MB | 112 kB   
2026.04.27 14:16:14 INFO                                                          
2026.04.27 14:16:14 INFO  Downloaded from central: https://repo.maven.apache.org/maven2/org/scala-sbt/compiler-interface/1.8.0/compiler-interface-1.8.0.jar (112 kB at 39 kB/s)
2026.04.27 14:16:14 INFO  Downloading from central: https://repo.maven.apache.org/maven2/org/scala-sbt/io_2.13/1.8.0/io_2.13-1.8.0.jar
2026.04.27 14:16:14 INFO  Progress (4): 344/490 kB | 0.1/12 MB | 0/2.6 MB | 0/1.1 MB
2026.04.27 14:16:14 INFO  Progress (4): 344/490 kB | 0.1/12 MB | 0/2.6 MB | 0/1.1 MB
2026.04.27 14:16:14 INFO  Progress (4): 344/490 kB | 0.1/12 MB | 0/2.6 MB | 0/1.1 MB
2026.04.27 14:16:14 INFO  Progress (4): 360/490 kB | 0.1/12 MB | 0/2.6 MB | 0/1.1 MB
2026.04.27 14:16:14 INFO  Progress (4): 377/490 kB | 0.1/12 MB | 0/2.6 MB | 0/1.1 MB
2026.04.27 14:16:14 INFO  Progress (4): 377/490 kB | 0.1/12 MB | 0/2.6 MB | 0/1.1 MB
2026.04.27 14:16:14 INFO  Progress (4): 393/490 kB | 0.1/12 MB | 0/2.6 MB | 0/1.1 MB
2026.04.27 14:16:14 INFO  Progress (4): 410/490 kB | 0.1/12 MB | 0/2.6 MB | 0/1.1 MB
2026.04.27 14:16:14 INFO  Progress (4): 410/490 kB | 0.1/12 MB | 0/2.6 MB | 0/1.1 MB
2026.04.27 14:16:14 INFO  Progress (4): 426/490 kB | 0.1/12 MB | 0/2.6 MB | 0/1.1 MB
2026.04.27 14:16:14 INFO  Progress (4): 442/490 kB | 0.1/12 MB | 0/2.6 MB | 0/1.1 MB
2026.04.27 14:16:14 INFO  Progress (4): 459/490 kB | 0.1/12 MB | 0/2.6 MB | 0/1.1 MB
2026.04.27 14:16:14 INFO  Progress (4): 475/490 kB | 0.1/12 MB | 0/2.6 MB | 0/1.1 MB
2026.04.27 14:16:14 INFO  Progress (4): 490 kB | 0.1/12 MB | 0/2.6 MB | 0/1.1 MB    
2026.04.27 14:16:14 INFO                                                        
2026.04.27 14:16:14 INFO  Downloaded from central: https://repo.maven.apache.org/maven2/org/scala-sbt/zinc-core_2.13/1.8.0/zinc-core_2.13-1.8.0.jar (490 kB at 163 kB/s)
2026.04.27 14:16:14 INFO  Downloading from central: https://repo.maven.apache.org/maven2/com/swoval/file-tree-views/2.1.9/file-tree-views-2.1.9.jar
2026.04.27 14:16:14 INFO  Progress (3): 0.1/12 MB | 0/2.6 MB | 0/1.1 MB
2026.04.27 14:16:14 INFO  Progress (3): 0.1/12 MB | 0/2.6 MB | 0/1.1 MB
2026.04.27 14:16:14 INFO  Progress (3): 0.1/12 MB | 0/2.6 MB | 0/1.1 MB
2026.04.27 14:16:14 INFO  Progress (3): 0.1/12 MB | 0.1/2.6 MB | 0/1.1 MB
2026.04.27 14:16:14 INFO  Progress (4): 0.1/12 MB | 0.1/2.6 MB | 0/1.1 MB | 7.7/636 kB
2026.04.27 14:16:14 INFO  Progress (4): 0.1/12 MB | 0.1/2.6 MB | 0/1.1 MB | 16/636 kB 
2026.04.27 14:16:14 INFO  Progress (4): 0.1/12 MB | 0.1/2.6 MB | 0/1.1 MB | 32/636 kB
2026.04.27 14:16:14 INFO  Progress (4): 0.1/12 MB | 0.1/2.6 MB | 0/1.1 MB | 32/636 kB
2026.04.27 14:16:14 INFO  Progress (4): 0.1/12 MB | 0.1/2.6 MB | 0/1.1 MB | 32/636 kB
2026.04.27 14:16:14 INFO  Progress (4): 0.1/12 MB | 0.1/2.6 MB | 0/1.1 MB | 32/636 kB
2026.04.27 14:16:14 INFO  Progress (4): 0.1/12 MB | 0.1/2.6 MB | 0/1.1 MB | 32/636 kB
2026.04.27 14:16:14 INFO  Progress (4): 0.1/12 MB | 0.1/2.6 MB | 0/1.1 MB | 49/636 kB
2026.04.27 14:16:14 INFO  Progress (4): 0.1/12 MB | 0.1/2.6 MB | 0/1.1 MB | 65/636 kB
2026.04.27 14:16:14 INFO  Progress (4): 0.1/12 MB | 0.1/2.6 MB | 0/1.1 MB | 81/636 kB
2026.04.27 14:16:14 INFO  Progress (4): 0.1/12 MB | 0.1/2.6 MB | 0/1.1 MB | 81/636 kB
2026.04.27 14:16:14 INFO  Progress (4): 0.1/12 MB | 0.1/2.6 MB | 0/1.1 MB | 98/636 kB
2026.04.27 14:16:14 INFO  Progress (4): 0.1/12 MB | 0.1/2.6 MB | 0/1.1 MB | 114/636 kB
2026.04.27 14:16:14 INFO  Progress (4): 0.1/12 MB | 0.1/2.6 MB | 0/1.1 MB | 114/636 kB
2026.04.27 14:16:14 INFO  Progress (4): 0.1/12 MB | 0.2/2.6 MB | 0/1.1 MB | 114/636 kB
2026.04.27 14:16:14 INFO  Progress (4): 0.1/12 MB | 0.2/2.6 MB | 0/1.1 MB | 114/636 kB
2026.04.27 14:16:14 INFO  Progress (4): 0.1/12 MB | 0.2/2.6 MB | 0/1.1 MB | 114/636 kB
2026.04.27 14:16:14 INFO  Progress (4): 0.1/12 MB | 0.2/2.6 MB | 0/1.1 MB | 114/636 kB
2026.04.27 14:16:14 INFO  Progress (4): 0.1/12 MB | 0.2/2.6 MB | 0/1.1 MB | 114/636 kB
2026.04.27 14:16:14 INFO  Progress (4): 0.1/12 MB | 0.2/2.6 MB | 0/1.1 MB | 114/636 kB
2026.04.27 14:16:14 INFO  Progress (4): 0.1/12 MB | 0.3/2.6 MB | 0/1.1 MB | 114/636 kB
2026.04.27 14:16:14 INFO  Progress (4): 0.1/12 MB | 0.3/2.6 MB | 0/1.1 MB | 114/636 kB
2026.04.27 14:16:14 INFO  Progress (4): 0.1/12 MB | 0.3/2.6 MB | 0/1.1 MB | 114/636 kB
2026.04.27 14:16:14 INFO  Progress (4): 0.1/12 MB | 0.3/2.6 MB | 0/1.1 MB | 114/636 kB
2026.04.27 14:16:14 INFO  Progress (4): 0.1/12 MB | 0.3/2.6 MB | 0/1.1 MB | 114/636 kB
2026.04.27 14:16:14 INFO  Progress (4): 0.1/12 MB | 0.3/2.6 MB | 0/1.1 MB | 114/636 kB
2026.04.27 14:16:14 INFO  Progress (4): 0.1/12 MB | 0.3/2.6 MB | 0/1.1 MB | 114/636 kB
2026.04.27 14:16:14 INFO  Progress (4): 0.1/12 MB | 0.3/2.6 MB | 0.1/1.1 MB | 114/636 kB
2026.04.27 14:16:14 INFO  Progress (4): 0.1/12 MB | 0.3/2.6 MB | 0.1/1.1 MB | 114/636 kB
2026.04.27 14:16:14 INFO  Progress (4): 0.1/12 MB | 0.3/2.6 MB | 0.1/1.1 MB | 114/636 kB
2026.04.27 14:16:14 INFO  Progress (4): 0.1/12 MB | 0.3/2.6 MB | 0.1/1.1 MB | 114/636 kB
2026.04.27 14:16:14 INFO  Progress (4): 0.1/12 MB | 0.3/2.6 MB | 0.1/1.1 MB | 114/636 kB
2026.04.27 14:16:14 INFO  Progress (4): 0.1/12 MB | 0.3/2.6 MB | 0.1/1.1 MB | 114/636 kB
2026.04.27 14:16:14 INFO  Progress (4): 0.1/12 MB | 0.3/2.6 MB | 0.2/1.1 MB | 114/636 kB
2026.04.27 14:16:14 INFO  Progress (4): 0.1/12 MB | 0.4/2.6 MB | 0.2/1.1 MB | 114/636 kB
2026.04.27 14:16:14 INFO  Progress (4): 0.1/12 MB | 0.4/2.6 MB | 0.2/1.1 MB | 114/636 kB
2026.04.27 14:16:14 INFO  Progress (4): 0.1/12 MB | 0.4/2.6 MB | 0.2/1.1 MB | 114/636 kB
2026.04.27 14:16:14 INFO  Progress (4): 0.1/12 MB | 0.4/2.6 MB | 0.2/1.1 MB | 114/636 kB
2026.04.27 14:16:14 INFO  Progress (4): 0.1/12 MB | 0.4/2.6 MB | 0.2/1.1 MB | 114/636 kB
2026.04.27 14:16:14 INFO  Progress (4): 0.1/12 MB | 0.4/2.6 MB | 0.2/1.1 MB | 114/636 kB
2026.04.27 14:16:14 INFO  Progress (4): 0.1/12 MB | 0.4/2.6 MB | 0.2/1.1 MB | 114/636 kB
2026.04.27 14:16:14 INFO  Progress (4): 0.1/12 MB | 0.4/2.6 MB | 0.2/1.1 MB | 114/636 kB
2026.04.27 14:16:14 INFO  Progress (4): 0.1/12 MB | 0.4/2.6 MB | 0.3/1.1 MB | 114/636 kB
2026.04.27 14:16:14 INFO  Progress (4): 0.1/12 MB | 0.4/2.6 MB | 0.3/1.1 MB | 114/636 kB
2026.04.27 14:16:14 INFO  Progress (4): 0.1/12 MB | 0.4/2.6 MB | 0.3/1.1 MB | 114/636 kB
2026.04.27 14:16:14 INFO  Progress (4): 0.1/12 MB | 0.4/2.6 MB | 0.3/1.1 MB | 114/636 kB
2026.04.27 14:16:14 INFO  Progress (4): 0.1/12 MB | 0.4/2.6 MB | 0.3/1.1 MB | 114/636 kB
2026.04.27 14:16:14 INFO  Progress (4): 0.2/12 MB | 0.4/2.6 MB | 0.3/1.1 MB | 114/636 kB
2026.04.27 14:16:14 INFO  Progress (4): 0.2/12 MB | 0.4/2.6 MB | 0.3/1.1 MB | 114/636 kB
2026.04.27 14:16:14 INFO  Progress (4): 0.2/12 MB | 0.4/2.6 MB | 0.3/1.1 MB | 114/636 kB
2026.04.27 14:16:14 INFO  Progress (4): 0.2/12 MB | 0.5/2.6 MB | 0.3/1.1 MB | 114/636 kB
2026.04.27 14:16:14 INFO  Progress (4): 0.2/12 MB | 0.5/2.6 MB | 0.3/1.1 MB | 114/636 kB
2026.04.27 14:16:14 INFO  Progress (4): 0.2/12 MB | 0.5/2.6 MB | 0.3/1.1 MB | 114/636 kB
2026.04.27 14:16:14 INFO  Progress (4): 0.2/12 MB | 0.5/2.6 MB | 0.3/1.1 MB | 114/636 kB
2026.04.27 14:16:14 INFO  Progress (4): 0.2/12 MB | 0.5/2.6 MB | 0.3/1.1 MB | 114/636 kB
2026.04.27 14:16:14 INFO  Progress (4): 0.2/12 MB | 0.5/2.6 MB | 0.3/1.1 MB | 114/636 kB
2026.04.27 14:16:14 INFO  Progress (4): 0.2/12 MB | 0.5/2.6 MB | 0.3/1.1 MB | 114/636 kB
2026.04.27 14:16:14 INFO  Progress (4): 0.2/12 MB | 0.5/2.6 MB | 0.3/1.1 MB | 114/636 kB
2026.04.27 14:16:14 INFO  Progress (4): 0.2/12 MB | 0.6/2.6 MB | 0.3/1.1 MB | 114/636 kB
2026.04.27 14:16:14 INFO  Progress (4): 0.2/12 MB | 0.6/2.6 MB | 0.3/1.1 MB | 114/636 kB
2026.04.27 14:16:14 INFO  Progress (4): 0.2/12 MB | 0.6/2.6 MB | 0.3/1.1 MB | 114/636 kB
2026.04.27 14:16:14 INFO  Progress (4): 0.2/12 MB | 0.6/2.6 MB | 0.3/1.1 MB | 114/636 kB
2026.04.27 14:16:14 INFO  Progress (4): 0.2/12 MB | 0.6/2.6 MB | 0.3/1.1 MB | 114/636 kB
2026.04.27 14:16:14 INFO  Progress (4): 0.2/12 MB | 0.6/2.6 MB | 0.4/1.1 MB | 114/636 kB
2026.04.27 14:16:14 INFO  Progress (4): 0.2/12 MB | 0.6/2.6 MB | 0.4/1.1 MB | 114/636 kB
2026.04.27 14:16:14 INFO  Progress (4): 0.2/12 MB | 0.6/2.6 MB | 0.4/1.1 MB | 114/636 kB
2026.04.27 14:16:14 INFO  Progress (4): 0.2/12 MB | 0.6/2.6 MB | 0.4/1.1 MB | 114/636 kB
2026.04.27 14:16:14 INFO  Progress (4): 0.2/12 MB | 0.6/2.6 MB | 0.4/1.1 MB | 114/636 kB
2026.04.27 14:16:14 INFO  Progress (4): 0.2/12 MB | 0.6/2.6 MB | 0.4/1.1 MB | 114/636 kB
2026.04.27 14:16:14 INFO  Progress (4): 0.2/12 MB | 0.6/2.6 MB | 0.5/1.1 MB | 114/636 kB
2026.04.27 14:16:14 INFO  Progress (4): 0.2/12 MB | 0.6/2.6 MB | 0.5/1.1 MB | 114/636 kB
2026.04.27 14:16:14 INFO  Progress (4): 0.2/12 MB | 0.6/2.6 MB | 0.5/1.1 MB | 114/636 kB
2026.04.27 14:16:14 INFO  Progress (4): 0.2/12 MB | 0.6/2.6 MB | 0.5/1.1 MB | 114/636 kB
2026.04.27 14:16:14 INFO  Progress (4): 0.2/12 MB | 0.6/2.6 MB | 0.5/1.1 MB | 114/636 kB
2026.04.27 14:16:14 INFO  Progress (4): 0.2/12 MB | 0.6/2.6 MB | 0.5/1.1 MB | 114/636 kB
2026.04.27 14:16:14 INFO  Progress (4): 0.2/12 MB | 0.6/2.6 MB | 0.5/1.1 MB | 114/636 kB
2026.04.27 14:16:14 INFO  Progress (4): 0.2/12 MB | 0.6/2.6 MB | 0.5/1.1 MB | 114/636 kB
2026.04.27 14:16:14 INFO  Progress (4): 0.2/12 MB | 0.6/2.6 MB | 0.5/1.1 MB | 114/636 kB
2026.04.27 14:16:14 INFO  Progress (4): 0.2/12 MB | 0.6/2.6 MB | 0.5/1.1 MB | 114/636 kB
2026.04.27 14:16:14 INFO  Progress (4): 0.2/12 MB | 0.6/2.6 MB | 0.5/1.1 MB | 114/636 kB
2026.04.27 14:16:14 INFO  Progress (4): 0.2/12 MB | 0.7/2.6 MB | 0.5/1.1 MB | 114/636 kB
2026.04.27 14:16:14 INFO  Progress (4): 0.2/12 MB | 0.7/2.6 MB | 0.5/1.1 MB | 114/636 kB
2026.04.27 14:16:14 INFO  Progress (4): 0.2/12 MB | 0.7/2.6 MB | 0.5/1.1 MB | 114/636 kB
2026.04.27 14:16:14 INFO  Progress (4): 0.2/12 MB | 0.7/2.6 MB | 0.5/1.1 MB | 114/636 kB
2026.04.27 14:16:14 INFO  Progress (4): 0.2/12 MB | 0.7/2.6 MB | 0.5/1.1 MB | 114/636 kB
2026.04.27 14:16:14 INFO  Progress (4): 0.3/12 MB | 0.7/2.6 MB | 0.5/1.1 MB | 114/636 kB
2026.04.27 14:16:14 INFO  Progress (4): 0.3/12 MB | 0.7/2.6 MB | 0.5/1.1 MB | 114/636 kB
2026.04.27 14:16:14 INFO  Progress (4): 0.3/12 MB | 0.7/2.6 MB | 0.5/1.1 MB | 114/636 kB
2026.04.27 14:16:14 INFO  Progress (4): 0.3/12 MB | 0.7/2.6 MB | 0.5/1.1 MB | 114/636 kB
2026.04.27 14:16:14 INFO  Progress (4): 0.3/12 MB | 0.7/2.6 MB | 0.5/1.1 MB | 114/636 kB
2026.04.27 14:16:14 INFO  Progress (4): 0.3/12 MB | 0.7/2.6 MB | 0.5/1.1 MB | 114/636 kB
2026.04.27 14:16:14 INFO  Progress (4): 0.3/12 MB | 0.7/2.6 MB | 0.5/1.1 MB | 114/636 kB
2026.04.27 14:16:14 INFO  Progress (4): 0.3/12 MB | 0.7/2.6 MB | 0.5/1.1 MB | 131/636 kB
2026.04.27 14:16:14 INFO  Progress (4): 0.3/12 MB | 0.7/2.6 MB | 0.5/1.1 MB | 147/636 kB
2026.04.27 14:16:14 INFO  Progress (4): 0.3/12 MB | 0.7/2.6 MB | 0.5/1.1 MB | 163/636 kB
2026.04.27 14:16:14 INFO  Progress (4): 0.3/12 MB | 0.7/2.6 MB | 0.5/1.1 MB | 180/636 kB
2026.04.27 14:16:14 INFO  Progress (5): 0.3/12 MB | 0.7/2.6 MB | 0.5/1.1 MB | 180/636 kB | 7.7/229 kB
2026.04.27 14:16:14 INFO  Progress (5): 0.3/12 MB | 0.7/2.6 MB | 0.5/1.1 MB | 180/636 kB | 16/229 kB 
2026.04.27 14:16:14 INFO  Progress (5): 0.3/12 MB | 0.7/2.6 MB | 0.5/1.1 MB | 180/636 kB | 32/229 kB
2026.04.27 14:16:14 INFO  Progress (5): 0.3/12 MB | 0.7/2.6 MB | 0.5/1.1 MB | 180/636 kB | 49/229 kB
2026.04.27 14:16:14 INFO  Progress (5): 0.3/12 MB | 0.7/2.6 MB | 0.5/1.1 MB | 180/636 kB | 57/229 kB
2026.04.27 14:16:14 INFO  Progress (5): 0.3/12 MB | 0.7/2.6 MB | 0.5/1.1 MB | 180/636 kB | 73/229 kB
2026.04.27 14:16:14 INFO  Progress (5): 0.3/12 MB | 0.7/2.6 MB | 0.5/1.1 MB | 180/636 kB | 90/229 kB
2026.04.27 14:16:14 INFO  Progress (5): 0.3/12 MB | 0.7/2.6 MB | 0.5/1.1 MB | 180/636 kB | 106/229 kB
2026.04.27 14:16:14 INFO  Progress (5): 0.3/12 MB | 0.7/2.6 MB | 0.5/1.1 MB | 180/636 kB | 122/229 kB
2026.04.27 14:16:14 INFO  Progress (5): 0.3/12 MB | 0.7/2.6 MB | 0.5/1.1 MB | 180/636 kB | 139/229 kB
2026.04.27 14:16:14 INFO  Progress (5): 0.3/12 MB | 0.7/2.6 MB | 0.5/1.1 MB | 180/636 kB | 155/229 kB
2026.04.27 14:16:14 INFO  Progress (5): 0.3/12 MB | 0.7/2.6 MB | 0.5/1.1 MB | 180/636 kB | 172/229 kB
2026.04.27 14:16:14 INFO  Progress (5): 0.3/12 MB | 0.7/2.6 MB | 0.5/1.1 MB | 180/636 kB | 188/229 kB
2026.04.27 14:16:14 INFO  Progress (5): 0.3/12 MB | 0.7/2.6 MB | 0.5/1.1 MB | 180/636 kB | 204/229 kB
2026.04.27 14:16:14 INFO  Progress (5): 0.3/12 MB | 0.7/2.6 MB | 0.5/1.1 MB | 180/636 kB | 204/229 kB
2026.04.27 14:16:14 INFO  Progress (5): 0.3/12 MB | 0.7/2.6 MB | 0.5/1.1 MB | 196/636 kB | 204/229 kB
2026.04.27 14:16:14 INFO  Progress (5): 0.3/12 MB | 0.7/2.6 MB | 0.5/1.1 MB | 212/636 kB | 204/229 kB
2026.04.27 14:16:14 INFO  Progress (5): 0.3/12 MB | 0.7/2.6 MB | 0.5/1.1 MB | 229/636 kB | 204/229 kB
2026.04.27 14:16:14 INFO  Progress (5): 0.3/12 MB | 0.7/2.6 MB | 0.5/1.1 MB | 245/636 kB | 204/229 kB
2026.04.27 14:16:14 INFO  Progress (5): 0.3/12 MB | 0.7/2.6 MB | 0.5/1.1 MB | 262/636 kB | 204/229 kB
2026.04.27 14:16:14 INFO  Progress (5): 0.3/12 MB | 0.7/2.6 MB | 0.5/1.1 MB | 278/636 kB | 204/229 kB
2026.04.27 14:16:14 INFO  Progress (5): 0.3/12 MB | 0.7/2.6 MB | 0.5/1.1 MB | 294/636 kB | 204/229 kB
2026.04.27 14:16:14 INFO  Progress (5): 0.3/12 MB | 0.7/2.6 MB | 0.5/1.1 MB | 311/636 kB | 204/229 kB
2026.04.27 14:16:14 INFO  Progress (5): 0.3/12 MB | 0.7/2.6 MB | 0.5/1.1 MB | 327/636 kB | 204/229 kB
2026.04.27 14:16:14 INFO  Progress (5): 0.3/12 MB | 0.7/2.6 MB | 0.5/1.1 MB | 344/636 kB | 204/229 kB
2026.04.27 14:16:14 INFO  Progress (5): 0.3/12 MB | 0.7/2.6 MB | 0.5/1.1 MB | 360/636 kB | 204/229 kB
2026.04.27 14:16:14 INFO  Progress (5): 0.3/12 MB | 0.7/2.6 MB | 0.5/1.1 MB | 376/636 kB | 204/229 kB
2026.04.27 14:16:14 INFO  Progress (5): 0.3/12 MB | 0.7/2.6 MB | 0.5/1.1 MB | 376/636 kB | 204/229 kB
2026.04.27 14:16:15 INFO  Progress (5): 0.3/12 MB | 0.7/2.6 MB | 0.5/1.1 MB | 376/636 kB | 221/229 kB
2026.04.27 14:16:15 INFO  Progress (5): 0.3/12 MB | 0.7/2.6 MB | 0.5/1.1 MB | 376/636 kB | 229 kB    
2026.04.27 14:16:15 INFO                                                                         
2026.04.27 14:16:15 INFO  Downloaded from central: https://repo.maven.apache.org/maven2/com/swoval/file-tree-views/2.1.9/file-tree-views-2.1.9.jar (229 kB at 62 kB/s)
2026.04.27 14:16:15 INFO  Downloading from central: https://repo.maven.apache.org/maven2/net/java/dev/jna/jna/5.12.0/jna-5.12.0.jar
2026.04.27 14:16:15 INFO  Progress (4): 0.3/12 MB | 0.7/2.6 MB | 0.5/1.1 MB | 376/636 kB
2026.04.27 14:16:15 INFO  Progress (4): 0.3/12 MB | 0.7/2.6 MB | 0.5/1.1 MB | 393/636 kB
2026.04.27 14:16:15 INFO  Progress (4): 0.3/12 MB | 0.7/2.6 MB | 0.5/1.1 MB | 393/636 kB
2026.04.27 14:16:15 INFO  Progress (4): 0.3/12 MB | 0.7/2.6 MB | 0.5/1.1 MB | 409/636 kB
2026.04.27 14:16:15 INFO  Progress (4): 0.3/12 MB | 0.7/2.6 MB | 0.5/1.1 MB | 425/636 kB
2026.04.27 14:16:15 INFO  Progress (4): 0.3/12 MB | 0.7/2.6 MB | 0.5/1.1 MB | 442/636 kB
2026.04.27 14:16:15 INFO  Progress (4): 0.3/12 MB | 0.7/2.6 MB | 0.5/1.1 MB | 458/636 kB
2026.04.27 14:16:15 INFO  Progress (4): 0.3/12 MB | 0.7/2.6 MB | 0.5/1.1 MB | 475/636 kB
2026.04.27 14:16:15 INFO  Progress (4): 0.3/12 MB | 0.7/2.6 MB | 0.5/1.1 MB | 491/636 kB
2026.04.27 14:16:15 INFO  Progress (4): 0.3/12 MB | 0.7/2.6 MB | 0.5/1.1 MB | 507/636 kB
2026.04.27 14:16:15 INFO  Progress (4): 0.3/12 MB | 0.7/2.6 MB | 0.5/1.1 MB | 524/636 kB
2026.04.27 14:16:15 INFO  Progress (4): 0.3/12 MB | 0.7/2.6 MB | 0.5/1.1 MB | 540/636 kB
2026.04.27 14:16:15 INFO  Progress (4): 0.3/12 MB | 0.7/2.6 MB | 0.5/1.1 MB | 557/636 kB
2026.04.27 14:16:15 INFO  Progress (4): 0.3/12 MB | 0.7/2.6 MB | 0.5/1.1 MB | 573/636 kB
2026.04.27 14:16:15 INFO  Progress (4): 0.3/12 MB | 0.7/2.6 MB | 0.6/1.1 MB | 573/636 kB
2026.04.27 14:16:15 INFO  Progress (4): 0.3/12 MB | 0.7/2.6 MB | 0.6/1.1 MB | 573/636 kB
2026.04.27 14:16:15 INFO  Progress (4): 0.3/12 MB | 0.7/2.6 MB | 0.6/1.1 MB | 573/636 kB
2026.04.27 14:16:15 INFO  Progress (4): 0.4/12 MB | 0.7/2.6 MB | 0.6/1.1 MB | 573/636 kB
2026.04.27 14:16:15 INFO  Progress (4): 0.4/12 MB | 0.7/2.6 MB | 0.6/1.1 MB | 573/636 kB
2026.04.27 14:16:15 INFO  Progress (4): 0.4/12 MB | 0.7/2.6 MB | 0.6/1.1 MB | 573/636 kB
2026.04.27 14:16:15 INFO  Progress (4): 0.4/12 MB | 0.7/2.6 MB | 0.6/1.1 MB | 573/636 kB
2026.04.27 14:16:15 INFO  Progress (4): 0.4/12 MB | 0.7/2.6 MB | 0.7/1.1 MB | 573/636 kB
2026.04.27 14:16:15 INFO  Progress (4): 0.4/12 MB | 0.7/2.6 MB | 0.7/1.1 MB | 573/636 kB
2026.04.27 14:16:15 INFO  Progress (4): 0.4/12 MB | 0.7/2.6 MB | 0.7/1.1 MB | 573/636 kB
2026.04.27 14:16:15 INFO  Progress (4): 0.4/12 MB | 0.7/2.6 MB | 0.7/1.1 MB | 573/636 kB
2026.04.27 14:16:15 INFO  Progress (4): 0.4/12 MB | 0.7/2.6 MB | 0.7/1.1 MB | 573/636 kB
2026.04.27 14:16:15 INFO  Progress (4): 0.4/12 MB | 0.7/2.6 MB | 0.7/1.1 MB | 589/636 kB
2026.04.27 14:16:15 INFO  Progress (4): 0.4/12 MB | 0.7/2.6 MB | 0.7/1.1 MB | 606/636 kB
2026.04.27 14:16:15 INFO  Progress (4): 0.4/12 MB | 0.7/2.6 MB | 0.7/1.1 MB | 606/636 kB
2026.04.27 14:16:15 INFO  Progress (4): 0.4/12 MB | 0.7/2.6 MB | 0.8/1.1 MB | 606/636 kB
2026.04.27 14:16:15 INFO  Progress (4): 0.4/12 MB | 0.7/2.6 MB | 0.8/1.1 MB | 606/636 kB
2026.04.27 14:16:15 INFO  Progress (4): 0.4/12 MB | 0.7/2.6 MB | 0.8/1.1 MB | 606/636 kB
2026.04.27 14:16:15 INFO  Progress (4): 0.4/12 MB | 0.7/2.6 MB | 0.8/1.1 MB | 606/636 kB
2026.04.27 14:16:15 INFO  Progress (4): 0.4/12 MB | 0.7/2.6 MB | 0.8/1.1 MB | 606/636 kB
2026.04.27 14:16:15 INFO  Progress (4): 0.4/12 MB | 0.7/2.6 MB | 0.8/1.1 MB | 606/636 kB
2026.04.27 14:16:15 INFO  Progress (4): 0.4/12 MB | 0.7/2.6 MB | 0.9/1.1 MB | 606/636 kB
2026.04.27 14:16:15 INFO  Progress (4): 0.4/12 MB | 0.7/2.6 MB | 0.9/1.1 MB | 606/636 kB
2026.04.27 14:16:15 INFO  Progress (5): 0.4/12 MB | 0.7/2.6 MB | 0.9/1.1 MB | 606/636 kB | 0/1.9 MB
2026.04.27 14:16:15 INFO  Progress (5): 0.4/12 MB | 0.7/2.6 MB | 0.9/1.1 MB | 606/636 kB | 0/1.9 MB
2026.04.27 14:16:15 INFO  Progress (5): 0.4/12 MB | 0.8/2.6 MB | 0.9/1.1 MB | 606/636 kB | 0/1.9 MB
2026.04.27 14:16:15 INFO  Progress (5): 0.4/12 MB | 0.8/2.6 MB | 0.9/1.1 MB | 606/636 kB | 0/1.9 MB
2026.04.27 14:16:15 INFO  Progress (5): 0.4/12 MB | 0.8/2.6 MB | 0.9/1.1 MB | 606/636 kB | 0/1.9 MB
2026.04.27 14:16:15 INFO  Progress (5): 0.4/12 MB | 0.8/2.6 MB | 0.9/1.1 MB | 606/636 kB | 0/1.9 MB
2026.04.27 14:16:15 INFO  Progress (5): 0.4/12 MB | 0.8/2.6 MB | 0.9/1.1 MB | 606/636 kB | 0/1.9 MB
2026.04.27 14:16:15 INFO  Progress (5): 0.4/12 MB | 0.8/2.6 MB | 0.9/1.1 MB | 606/636 kB | 0/1.9 MB
2026.04.27 14:16:15 INFO  Progress (5): 0.4/12 MB | 0.9/2.6 MB | 0.9/1.1 MB | 606/636 kB | 0/1.9 MB
2026.04.27 14:16:15 INFO  Progress (5): 0.4/12 MB | 0.9/2.6 MB | 0.9/1.1 MB | 606/636 kB | 0/1.9 MB
2026.04.27 14:16:15 INFO  Progress (5): 0.4/12 MB | 0.9/2.6 MB | 0.9/1.1 MB | 606/636 kB | 0/1.9 MB
2026.04.27 14:16:15 INFO  Progress (5): 0.4/12 MB | 0.9/2.6 MB | 0.9/1.1 MB | 606/636 kB | 0/1.9 MB
2026.04.27 14:16:15 INFO  Progress (5): 0.4/12 MB | 0.9/2.6 MB | 0.9/1.1 MB | 606/636 kB | 0/1.9 MB
2026.04.27 14:16:15 INFO  Progress (5): 0.4/12 MB | 0.9/2.6 MB | 0.9/1.1 MB | 606/636 kB | 0/1.9 MB
2026.04.27 14:16:15 INFO  Progress (5): 0.4/12 MB | 1.0/2.6 MB | 0.9/1.1 MB | 606/636 kB | 0/1.9 MB
2026.04.27 14:16:15 INFO  Progress (5): 0.4/12 MB | 1.0/2.6 MB | 0.9/1.1 MB | 606/636 kB | 0/1.9 MB
2026.04.27 14:16:15 INFO  Progress (5): 0.4/12 MB | 1.0/2.6 MB | 0.9/1.1 MB | 606/636 kB | 0/1.9 MB
2026.04.27 14:16:15 INFO  Progress (5): 0.4/12 MB | 1.0/2.6 MB | 0.9/1.1 MB | 606/636 kB | 0/1.9 MB
2026.04.27 14:16:15 INFO  Progress (5): 0.4/12 MB | 1.0/2.6 MB | 0.9/1.1 MB | 606/636 kB | 0/1.9 MB
2026.04.27 14:16:15 INFO  Progress (5): 0.4/12 MB | 1.0/2.6 MB | 0.9/1.1 MB | 606/636 kB | 0/1.9 MB
2026.04.27 14:16:15 INFO  Progress (5): 0.4/12 MB | 1.1/2.6 MB | 0.9/1.1 MB | 606/636 kB | 0/1.9 MB
2026.04.27 14:16:15 INFO  Progress (5): 0.4/12 MB | 1.1/2.6 MB | 0.9/1.1 MB | 606/636 kB | 0/1.9 MB
2026.04.27 14:16:15 INFO  Progress (5): 0.4/12 MB | 1.1/2.6 MB | 0.9/1.1 MB | 606/636 kB | 0/1.9 MB
2026.04.27 14:16:15 INFO  Progress (5): 0.4/12 MB | 1.1/2.6 MB | 0.9/1.1 MB | 606/636 kB | 0/1.9 MB
2026.04.27 14:16:15 INFO  Progress (5): 0.4/12 MB | 1.1/2.6 MB | 0.9/1.1 MB | 622/636 kB | 0/1.9 MB
2026.04.27 14:16:15 INFO  Progress (5): 0.4/12 MB | 1.1/2.6 MB | 0.9/1.1 MB | 622/636 kB | 0/1.9 MB
2026.04.27 14:16:15 INFO  Progress (5): 0.4/12 MB | 1.1/2.6 MB | 0.9/1.1 MB | 636 kB | 0/1.9 MB    
2026.04.27 14:16:15 INFO  Progress (5): 0.4/12 MB | 1.1/2.6 MB | 0.9/1.1 MB | 636 kB | 0/1.9 MB
2026.04.27 14:16:15 INFO  Progress (5): 0.4/12 MB | 1.1/2.6 MB | 0.9/1.1 MB | 636 kB | 0/1.9 MB
2026.04.27 14:16:15 INFO  Progress (5): 0.4/12 MB | 1.1/2.6 MB | 0.9/1.1 MB | 636 kB | 0/1.9 MB
2026.04.27 14:16:15 INFO  Progress (5): 0.4/12 MB | 1.1/2.6 MB | 1.0/1.1 MB | 636 kB | 0/1.9 MB
2026.04.27 14:16:15 INFO  Progress (5): 0.4/12 MB | 1.1/2.6 MB | 1.0/1.1 MB | 636 kB | 0/1.9 MB
2026.04.27 14:16:15 INFO  Progress (5): 0.4/12 MB | 1.1/2.6 MB | 1.0/1.1 MB | 636 kB | 0/1.9 MB
2026.04.27 14:16:15 INFO  Progress (5): 0.4/12 MB | 1.1/2.6 MB | 1.0/1.1 MB | 636 kB | 0/1.9 MB
2026.04.27 14:16:15 INFO  Progress (5): 0.4/12 MB | 1.1/2.6 MB | 1.0/1.1 MB | 636 kB | 0/1.9 MB
2026.04.27 14:16:15 INFO  Progress (5): 0.4/12 MB | 1.1/2.6 MB | 1.0/1.1 MB | 636 kB | 0/1.9 MB
2026.04.27 14:16:15 INFO  Progress (5): 0.4/12 MB | 1.1/2.6 MB | 1.1/1.1 MB | 636 kB | 0/1.9 MB
2026.04.27 14:16:15 INFO  Progress (5): 0.4/12 MB | 1.1/2.6 MB | 1.1/1.1 MB | 636 kB | 0/1.9 MB
2026.04.27 14:16:15 INFO  Progress (5): 0.4/12 MB | 1.1/2.6 MB | 1.1/1.1 MB | 636 kB | 0/1.9 MB
2026.04.27 14:16:15 INFO  Progress (5): 0.4/12 MB | 1.1/2.6 MB | 1.1/1.1 MB | 636 kB | 0/1.9 MB
2026.04.27 14:16:15 INFO  Progress (5): 0.4/12 MB | 1.1/2.6 MB | 1.1/1.1 MB | 636 kB | 0/1.9 MB
2026.04.27 14:16:15 INFO  Progress (5): 0.4/12 MB | 1.1/2.6 MB | 1.1 MB | 636 kB | 0/1.9 MB    
2026.04.27 14:16:15 INFO                                                                   
2026.04.27 14:16:15 INFO  Downloaded from central: https://repo.maven.apache.org/maven2/org/scala-sbt/io_2.13/1.8.0/io_2.13-1.8.0.jar (636 kB at 156 kB/s)
2026.04.27 14:16:15 INFO  Downloading from central: https://repo.maven.apache.org/maven2/net/java/dev/jna/jna-platform/5.12.0/jna-platform-5.12.0.jar
2026.04.27 14:16:15 INFO  Downloaded from central: https://repo.maven.apache.org/maven2/org/scala-lang/modules/scala-parallel-collections_2.13/0.2.0/scala-parallel-collections_2.13-0.2.0.jar (1.1 MB at 276 kB/s)
2026.04.27 14:16:15 INFO  Downloading from central: https://repo.maven.apache.org/maven2/org/scala-sbt/util-logging_2.13/1.8.0/util-logging_2.13-1.8.0.jar
2026.04.27 14:16:15 INFO  Progress (3): 0.4/12 MB | 1.1/2.6 MB | 0/1.9 MB
2026.04.27 14:16:15 INFO  Progress (3): 0.4/12 MB | 1.1/2.6 MB | 0/1.9 MB
2026.04.27 14:16:15 INFO  Progress (3): 0.4/12 MB | 1.1/2.6 MB | 0/1.9 MB
2026.04.27 14:16:15 INFO  Progress (3): 0.4/12 MB | 1.1/2.6 MB | 0/1.9 MB
2026.04.27 14:16:15 INFO  Progress (3): 0.4/12 MB | 1.1/2.6 MB | 0/1.9 MB
2026.04.27 14:16:15 INFO  Progress (3): 0.4/12 MB | 1.1/2.6 MB | 0/1.9 MB
2026.04.27 14:16:15 INFO  Progress (3): 0.4/12 MB | 1.1/2.6 MB | 0/1.9 MB
2026.04.27 14:16:15 INFO  Progress (3): 0.4/12 MB | 1.1/2.6 MB | 0/1.9 MB
2026.04.27 14:16:15 INFO  Progress (3): 0.4/12 MB | 1.2/2.6 MB | 0/1.9 MB
2026.04.27 14:16:15 INFO  Progress (3): 0.4/12 MB | 1.2/2.6 MB | 0/1.9 MB
2026.04.27 14:16:15 INFO  Progress (3): 0.4/12 MB | 1.2/2.6 MB | 0/1.9 MB
2026.04.27 14:16:15 INFO  Progress (3): 0.4/12 MB | 1.2/2.6 MB | 0/1.9 MB
2026.04.27 14:16:15 INFO  Progress (3): 0.4/12 MB | 1.2/2.6 MB | 0/1.9 MB
2026.04.27 14:16:15 INFO  Progress (3): 0.4/12 MB | 1.2/2.6 MB | 0/1.9 MB
2026.04.27 14:16:15 INFO  Progress (3): 0.4/12 MB | 1.3/2.6 MB | 0/1.9 MB
2026.04.27 14:16:15 INFO  Progress (3): 0.4/12 MB | 1.3/2.6 MB | 0/1.9 MB
2026.04.27 14:16:15 INFO  Progress (3): 0.4/12 MB | 1.3/2.6 MB | 0/1.9 MB
2026.04.27 14:16:15 INFO  Progress (3): 0.4/12 MB | 1.3/2.6 MB | 0/1.9 MB
2026.04.27 14:16:15 INFO  Progress (3): 0.4/12 MB | 1.3/2.6 MB | 0/1.9 MB
2026.04.27 14:16:15 INFO  Progress (3): 0.4/12 MB | 1.3/2.6 MB | 0/1.9 MB
2026.04.27 14:16:15 INFO  Progress (3): 0.4/12 MB | 1.4/2.6 MB | 0/1.9 MB
2026.04.27 14:16:15 INFO  Progress (3): 0.4/12 MB | 1.4/2.6 MB | 0/1.9 MB
2026.04.27 14:16:15 INFO  Progress (3): 0.4/12 MB | 1.4/2.6 MB | 0/1.9 MB
2026.04.27 14:16:15 INFO  Progress (3): 0.4/12 MB | 1.4/2.6 MB | 0/1.9 MB
2026.04.27 14:16:15 INFO  Progress (3): 0.4/12 MB | 1.4/2.6 MB | 0/1.9 MB
2026.04.27 14:16:15 INFO  Progress (3): 0.4/12 MB | 1.4/2.6 MB | 0/1.9 MB
2026.04.27 14:16:15 INFO  Progress (3): 0.4/12 MB | 1.5/2.6 MB | 0/1.9 MB
2026.04.27 14:16:15 INFO  Progress (3): 0.4/12 MB | 1.5/2.6 MB | 0/1.9 MB
2026.04.27 14:16:15 INFO  Progress (3): 0.4/12 MB | 1.5/2.6 MB | 0/1.9 MB
2026.04.27 14:16:15 INFO  Progress (3): 0.4/12 MB | 1.5/2.6 MB | 0/1.9 MB
2026.04.27 14:16:15 INFO  Progress (3): 0.4/12 MB | 1.5/2.6 MB | 0/1.9 MB
2026.04.27 14:16:15 INFO  Progress (3): 0.4/12 MB | 1.5/2.6 MB | 0/1.9 MB
2026.04.27 14:16:15 INFO  Progress (3): 0.4/12 MB | 1.6/2.6 MB | 0/1.9 MB
2026.04.27 14:16:15 INFO  Progress (3): 0.4/12 MB | 1.6/2.6 MB | 0/1.9 MB
2026.04.27 14:16:15 INFO  Progress (3): 0.4/12 MB | 1.6/2.6 MB | 0/1.9 MB
2026.04.27 14:16:15 INFO  Progress (3): 0.4/12 MB | 1.6/2.6 MB | 0/1.9 MB
2026.04.27 14:16:15 INFO  Progress (3): 0.4/12 MB | 1.6/2.6 MB | 0/1.9 MB
2026.04.27 14:16:15 INFO  Progress (3): 0.4/12 MB | 1.6/2.6 MB | 0/1.9 MB
2026.04.27 14:16:15 INFO  Progress (3): 0.4/12 MB | 1.6/2.6 MB | 0/1.9 MB
2026.04.27 14:16:15 INFO  Progress (3): 0.4/12 MB | 1.7/2.6 MB | 0/1.9 MB
2026.04.27 14:16:15 INFO  Progress (3): 0.4/12 MB | 1.7/2.6 MB | 0/1.9 MB
2026.04.27 14:16:15 INFO  Progress (3): 0.4/12 MB | 1.7/2.6 MB | 0/1.9 MB
2026.04.27 14:16:15 INFO  Progress (3): 0.4/12 MB | 1.7/2.6 MB | 0/1.9 MB
2026.04.27 14:16:15 INFO  Progress (3): 0.4/12 MB | 1.7/2.6 MB | 0/1.9 MB
2026.04.27 14:16:15 INFO  Progress (3): 0.4/12 MB | 1.7/2.6 MB | 0/1.9 MB
2026.04.27 14:16:15 INFO  Progress (3): 0.4/12 MB | 1.8/2.6 MB | 0/1.9 MB
2026.04.27 14:16:15 INFO  Progress (3): 0.4/12 MB | 1.8/2.6 MB | 0/1.9 MB
2026.04.27 14:16:15 INFO  Progress (3): 0.4/12 MB | 1.8/2.6 MB | 0/1.9 MB
2026.04.27 14:16:15 INFO  Progress (3): 0.5/12 MB | 1.8/2.6 MB | 0/1.9 MB
2026.04.27 14:16:15 INFO  Progress (3): 0.5/12 MB | 1.8/2.6 MB | 0.1/1.9 MB
2026.04.27 14:16:15 INFO  Progress (3): 0.5/12 MB | 1.8/2.6 MB | 0.1/1.9 MB
2026.04.27 14:16:15 INFO  Progress (3): 0.5/12 MB | 1.8/2.6 MB | 0.1/1.9 MB
2026.04.27 14:16:15 INFO  Progress (3): 0.5/12 MB | 1.8/2.6 MB | 0.1/1.9 MB
2026.04.27 14:16:15 INFO  Progress (3): 0.5/12 MB | 1.8/2.6 MB | 0.1/1.9 MB
2026.04.27 14:16:15 INFO  Progress (3): 0.5/12 MB | 1.9/2.6 MB | 0.1/1.9 MB
2026.04.27 14:16:15 INFO  Progress (3): 0.5/12 MB | 1.9/2.6 MB | 0.1/1.9 MB
2026.04.27 14:16:15 INFO  Progress (3): 0.5/12 MB | 1.9/2.6 MB | 0.1/1.9 MB
2026.04.27 14:16:15 INFO  Progress (3): 0.5/12 MB | 1.9/2.6 MB | 0.1/1.9 MB
2026.04.27 14:16:15 INFO  Progress (3): 0.5/12 MB | 1.9/2.6 MB | 0.1/1.9 MB
2026.04.27 14:16:15 INFO  Progress (3): 0.5/12 MB | 1.9/2.6 MB | 0.1/1.9 MB
2026.04.27 14:16:15 INFO  Progress (3): 0.5/12 MB | 2.0/2.6 MB | 0.1/1.9 MB
2026.04.27 14:16:15 INFO  Progress (3): 0.5/12 MB | 2.0/2.6 MB | 0.1/1.9 MB
2026.04.27 14:16:15 INFO  Progress (3): 0.5/12 MB | 2.0/2.6 MB | 0.1/1.9 MB
2026.04.27 14:16:15 INFO  Progress (3): 0.5/12 MB | 2.0/2.6 MB | 0.1/1.9 MB
2026.04.27 14:16:15 INFO  Progress (3): 0.5/12 MB | 2.0/2.6 MB | 0.1/1.9 MB
2026.04.27 14:16:15 INFO  Progress (3): 0.5/12 MB | 2.0/2.6 MB | 0.1/1.9 MB
2026.04.27 14:16:15 INFO  Progress (3): 0.5/12 MB | 2.0/2.6 MB | 0.1/1.9 MB
2026.04.27 14:16:15 INFO  Progress (3): 0.5/12 MB | 2.0/2.6 MB | 0.1/1.9 MB
2026.04.27 14:16:15 INFO  Progress (3): 0.5/12 MB | 2.0/2.6 MB | 0.1/1.9 MB
2026.04.27 14:16:15 INFO  Progress (3): 0.5/12 MB | 2.1/2.6 MB | 0.1/1.9 MB
2026.04.27 14:16:15 INFO  Progress (3): 0.5/12 MB | 2.1/2.6 MB | 0.1/1.9 MB
2026.04.27 14:16:15 INFO  Progress (3): 0.5/12 MB | 2.1/2.6 MB | 0.1/1.9 MB
2026.04.27 14:16:15 INFO  Progress (3): 0.5/12 MB | 2.1/2.6 MB | 0.1/1.9 MB
2026.04.27 14:16:15 INFO  Progress (3): 0.5/12 MB | 2.1/2.6 MB | 0.1/1.9 MB
2026.04.27 14:16:15 INFO  Progress (3): 0.5/12 MB | 2.1/2.6 MB | 0.1/1.9 MB
2026.04.27 14:16:15 INFO  Progress (3): 0.5/12 MB | 2.2/2.6 MB | 0.1/1.9 MB
2026.04.27 14:16:15 INFO  Progress (3): 0.5/12 MB | 2.2/2.6 MB | 0.1/1.9 MB
2026.04.27 14:16:15 INFO  Progress (4): 0.5/12 MB | 2.2/2.6 MB | 0.1/1.9 MB | 7.7/463 kB
2026.04.27 14:16:15 INFO  Progress (4): 0.5/12 MB | 2.2/2.6 MB | 0.1/1.9 MB | 16/463 kB 
2026.04.27 14:16:15 INFO  Progress (4): 0.5/12 MB | 2.2/2.6 MB | 0.1/1.9 MB | 16/463 kB
2026.04.27 14:16:15 INFO  Progress (4): 0.5/12 MB | 2.2/2.6 MB | 0.1/1.9 MB | 25/463 kB
2026.04.27 14:16:15 INFO  Progress (4): 0.5/12 MB | 2.2/2.6 MB | 0.1/1.9 MB | 41/463 kB
2026.04.27 14:16:15 INFO  Progress (4): 0.5/12 MB | 2.2/2.6 MB | 0.1/1.9 MB | 41/463 kB
2026.04.27 14:16:15 INFO  Progress (4): 0.5/12 MB | 2.2/2.6 MB | 0.1/1.9 MB | 57/463 kB
2026.04.27 14:16:15 INFO  Progress (4): 0.5/12 MB | 2.2/2.6 MB | 0.2/1.9 MB | 57/463 kB
2026.04.27 14:16:15 INFO  Progress (4): 0.5/12 MB | 2.2/2.6 MB | 0.2/1.9 MB | 74/463 kB
2026.04.27 14:16:15 INFO  Progress (4): 0.5/12 MB | 2.2/2.6 MB | 0.2/1.9 MB | 90/463 kB
2026.04.27 14:16:15 INFO  Progress (4): 0.5/12 MB | 2.2/2.6 MB | 0.2/1.9 MB | 90/463 kB
2026.04.27 14:16:15 INFO  Progress (4): 0.5/12 MB | 2.2/2.6 MB | 0.2/1.9 MB | 106/463 kB
2026.04.27 14:16:15 INFO  Progress (4): 0.5/12 MB | 2.2/2.6 MB | 0.2/1.9 MB | 106/463 kB
2026.04.27 14:16:15 INFO  Progress (4): 0.5/12 MB | 2.2/2.6 MB | 0.2/1.9 MB | 106/463 kB
2026.04.27 14:16:15 INFO  Progress (4): 0.5/12 MB | 2.2/2.6 MB | 0.2/1.9 MB | 123/463 kB
2026.04.27 14:16:15 INFO  Progress (4): 0.5/12 MB | 2.2/2.6 MB | 0.2/1.9 MB | 123/463 kB
2026.04.27 14:16:15 INFO  Progress (4): 0.5/12 MB | 2.2/2.6 MB | 0.2/1.9 MB | 131/463 kB
2026.04.27 14:16:15 INFO  Progress (4): 0.5/12 MB | 2.2/2.6 MB | 0.2/1.9 MB | 147/463 kB
2026.04.27 14:16:15 INFO  Progress (4): 0.5/12 MB | 2.2/2.6 MB | 0.2/1.9 MB | 147/463 kB
2026.04.27 14:16:15 INFO  Progress (4): 0.5/12 MB | 2.2/2.6 MB | 0.2/1.9 MB | 164/463 kB
2026.04.27 14:16:15 INFO  Progress (4): 0.5/12 MB | 2.2/2.6 MB | 0.2/1.9 MB | 164/463 kB
2026.04.27 14:16:15 INFO  Progress (4): 0.5/12 MB | 2.2/2.6 MB | 0.2/1.9 MB | 164/463 kB
2026.04.27 14:16:15 INFO  Progress (4): 0.5/12 MB | 2.2/2.6 MB | 0.2/1.9 MB | 180/463 kB
2026.04.27 14:16:15 INFO  Progress (4): 0.5/12 MB | 2.2/2.6 MB | 0.2/1.9 MB | 197/463 kB
2026.04.27 14:16:15 INFO  Progress (4): 0.5/12 MB | 2.2/2.6 MB | 0.2/1.9 MB | 213/463 kB
2026.04.27 14:16:15 INFO  Progress (4): 0.5/12 MB | 2.2/2.6 MB | 0.2/1.9 MB | 229/463 kB
2026.04.27 14:16:15 INFO  Progress (4): 0.5/12 MB | 2.2/2.6 MB | 0.2/1.9 MB | 229/463 kB
2026.04.27 14:16:15 INFO  Progress (4): 0.5/12 MB | 2.2/2.6 MB | 0.3/1.9 MB | 229/463 kB
2026.04.27 14:16:15 INFO  Progress (4): 0.5/12 MB | 2.2/2.6 MB | 0.3/1.9 MB | 229/463 kB
2026.04.27 14:16:15 INFO  Progress (4): 0.5/12 MB | 2.2/2.6 MB | 0.3/1.9 MB | 229/463 kB
2026.04.27 14:16:15 INFO  Progress (4): 0.5/12 MB | 2.2/2.6 MB | 0.3/1.9 MB | 229/463 kB
2026.04.27 14:16:15 INFO  Progress (4): 0.5/12 MB | 2.2/2.6 MB | 0.3/1.9 MB | 229/463 kB
2026.04.27 14:16:15 INFO  Progress (4): 0.5/12 MB | 2.2/2.6 MB | 0.3/1.9 MB | 229/463 kB
2026.04.27 14:16:15 INFO  Progress (4): 0.5/12 MB | 2.2/2.6 MB | 0.4/1.9 MB | 229/463 kB
2026.04.27 14:16:15 INFO  Progress (4): 0.5/12 MB | 2.2/2.6 MB | 0.4/1.9 MB | 246/463 kB
2026.04.27 14:16:15 INFO  Progress (4): 0.5/12 MB | 2.2/2.6 MB | 0.4/1.9 MB | 246/463 kB
2026.04.27 14:16:15 INFO  Progress (4): 0.5/12 MB | 2.2/2.6 MB | 0.4/1.9 MB | 246/463 kB
2026.04.27 14:16:15 INFO  Progress (4): 0.5/12 MB | 2.2/2.6 MB | 0.4/1.9 MB | 262/463 kB
2026.04.27 14:16:15 INFO  Progress (5): 0.5/12 MB | 2.2/2.6 MB | 0.4/1.9 MB | 262/463 kB | 0/1.4 MB
2026.04.27 14:16:15 INFO  Progress (5): 0.5/12 MB | 2.2/2.6 MB | 0.4/1.9 MB | 262/463 kB | 0/1.4 MB
2026.04.27 14:16:15 INFO  Progress (5): 0.5/12 MB | 2.2/2.6 MB | 0.4/1.9 MB | 262/463 kB | 0/1.4 MB
2026.04.27 14:16:15 INFO  Progress (5): 0.5/12 MB | 2.2/2.6 MB | 0.4/1.9 MB | 279/463 kB | 0/1.4 MB
2026.04.27 14:16:15 INFO  Progress (5): 0.5/12 MB | 2.2/2.6 MB | 0.4/1.9 MB | 279/463 kB | 0/1.4 MB
2026.04.27 14:16:15 INFO  Progress (5): 0.5/12 MB | 2.2/2.6 MB | 0.4/1.9 MB | 279/463 kB | 0/1.4 MB
2026.04.27 14:16:15 INFO  Progress (5): 0.5/12 MB | 2.2/2.6 MB | 0.4/1.9 MB | 295/463 kB | 0/1.4 MB
2026.04.27 14:16:15 INFO  Progress (5): 0.5/12 MB | 2.2/2.6 MB | 0.4/1.9 MB | 311/463 kB | 0/1.4 MB
2026.04.27 14:16:15 INFO  Progress (5): 0.5/12 MB | 2.2/2.6 MB | 0.4/1.9 MB | 311/463 kB | 0/1.4 MB
2026.04.27 14:16:15 INFO  Progress (5): 0.5/12 MB | 2.2/2.6 MB | 0.4/1.9 MB | 328/463 kB | 0/1.4 MB
2026.04.27 14:16:15 INFO  Progress (5): 0.5/12 MB | 2.2/2.6 MB | 0.4/1.9 MB | 344/463 kB | 0/1.4 MB
2026.04.27 14:16:15 INFO  Progress (5): 0.5/12 MB | 2.2/2.6 MB | 0.4/1.9 MB | 344/463 kB | 0/1.4 MB
2026.04.27 14:16:15 INFO  Progress (5): 0.5/12 MB | 2.2/2.6 MB | 0.4/1.9 MB | 360/463 kB | 0/1.4 MB
2026.04.27 14:16:15 INFO  Progress (5): 0.5/12 MB | 2.2/2.6 MB | 0.4/1.9 MB | 377/463 kB | 0/1.4 MB
2026.04.27 14:16:15 INFO  Progress (5): 0.5/12 MB | 2.2/2.6 MB | 0.4/1.9 MB | 377/463 kB | 0/1.4 MB
2026.04.27 14:16:15 INFO  Progress (5): 0.5/12 MB | 2.2/2.6 MB | 0.4/1.9 MB | 393/463 kB | 0/1.4 MB
2026.04.27 14:16:15 INFO  Progress (5): 0.5/12 MB | 2.2/2.6 MB | 0.4/1.9 MB | 410/463 kB | 0/1.4 MB
2026.04.27 14:16:15 INFO  Progress (5): 0.5/12 MB | 2.2/2.6 MB | 0.5/1.9 MB | 410/463 kB | 0/1.4 MB
2026.04.27 14:16:15 INFO  Progress (5): 0.5/12 MB | 2.2/2.6 MB | 0.5/1.9 MB | 426/463 kB | 0/1.4 MB
2026.04.27 14:16:15 INFO  Progress (5): 0.5/12 MB | 2.2/2.6 MB | 0.5/1.9 MB | 426/463 kB | 0/1.4 MB
2026.04.27 14:16:15 INFO  Progress (5): 0.5/12 MB | 2.2/2.6 MB | 0.5/1.9 MB | 426/463 kB | 0/1.4 MB
2026.04.27 14:16:15 INFO  Progress (5): 0.5/12 MB | 2.2/2.6 MB | 0.5/1.9 MB | 426/463 kB | 0/1.4 MB
2026.04.27 14:16:15 INFO  Progress (5): 0.5/12 MB | 2.2/2.6 MB | 0.5/1.9 MB | 426/463 kB | 0/1.4 MB
2026.04.27 14:16:15 INFO  Progress (5): 0.5/12 MB | 2.2/2.6 MB | 0.5/1.9 MB | 426/463 kB | 0/1.4 MB
2026.04.27 14:16:15 INFO  Progress (5): 0.5/12 MB | 2.3/2.6 MB | 0.5/1.9 MB | 426/463 kB | 0/1.4 MB
2026.04.27 14:16:15 INFO  Progress (5): 0.5/12 MB | 2.3/2.6 MB | 0.5/1.9 MB | 426/463 kB | 0/1.4 MB
2026.04.27 14:16:15 INFO  Progress (5): 0.5/12 MB | 2.3/2.6 MB | 0.5/1.9 MB | 426/463 kB | 0/1.4 MB
2026.04.27 14:16:15 INFO  Progress (5): 0.5/12 MB | 2.3/2.6 MB | 0.5/1.9 MB | 426/463 kB | 0/1.4 MB
2026.04.27 14:16:15 INFO  Progress (5): 0.5/12 MB | 2.3/2.6 MB | 0.5/1.9 MB | 426/463 kB | 0/1.4 MB
2026.04.27 14:16:15 INFO  Progress (5): 0.5/12 MB | 2.3/2.6 MB | 0.5/1.9 MB | 426/463 kB | 0/1.4 MB
2026.04.27 14:16:15 INFO  Progress (5): 0.5/12 MB | 2.4/2.6 MB | 0.5/1.9 MB | 426/463 kB | 0/1.4 MB
2026.04.27 14:16:15 INFO  Progress (5): 0.5/12 MB | 2.4/2.6 MB | 0.5/1.9 MB | 426/463 kB | 0/1.4 MB
2026.04.27 14:16:15 INFO  Progress (5): 0.5/12 MB | 2.4/2.6 MB | 0.5/1.9 MB | 426/463 kB | 0/1.4 MB
2026.04.27 14:16:15 INFO  Progress (5): 0.5/12 MB | 2.4/2.6 MB | 0.5/1.9 MB | 426/463 kB | 0/1.4 MB
2026.04.27 14:16:15 INFO  Progress (5): 0.5/12 MB | 2.4/2.6 MB | 0.5/1.9 MB | 426/463 kB | 0/1.4 MB
2026.04.27 14:16:15 INFO  Progress (5): 0.5/12 MB | 2.4/2.6 MB | 0.5/1.9 MB | 426/463 kB | 0/1.4 MB
2026.04.27 14:16:15 INFO  Progress (5): 0.5/12 MB | 2.5/2.6 MB | 0.5/1.9 MB | 426/463 kB | 0/1.4 MB
2026.04.27 14:16:15 INFO  Progress (5): 0.5/12 MB | 2.5/2.6 MB | 0.5/1.9 MB | 426/463 kB | 0/1.4 MB
2026.04.27 14:16:15 INFO  Progress (5): 0.5/12 MB | 2.5/2.6 MB | 0.5/1.9 MB | 426/463 kB | 0/1.4 MB
2026.04.27 14:16:15 INFO  Progress (5): 0.5/12 MB | 2.5/2.6 MB | 0.5/1.9 MB | 426/463 kB | 0/1.4 MB
2026.04.27 14:16:15 INFO  Progress (5): 0.5/12 MB | 2.5/2.6 MB | 0.5/1.9 MB | 426/463 kB | 0/1.4 MB
2026.04.27 14:16:15 INFO  Progress (5): 0.5/12 MB | 2.5/2.6 MB | 0.5/1.9 MB | 426/463 kB | 0/1.4 MB
2026.04.27 14:16:15 INFO  Progress (5): 0.5/12 MB | 2.5/2.6 MB | 0.5/1.9 MB | 426/463 kB | 0/1.4 MB
2026.04.27 14:16:15 INFO  Progress (5): 0.5/12 MB | 2.6/2.6 MB | 0.5/1.9 MB | 426/463 kB | 0/1.4 MB
2026.04.27 14:16:15 INFO  Progress (5): 0.5/12 MB | 2.6/2.6 MB | 0.5/1.9 MB | 426/463 kB | 0/1.4 MB
2026.04.27 14:16:15 INFO  Progress (5): 0.5/12 MB | 2.6/2.6 MB | 0.5/1.9 MB | 426/463 kB | 0/1.4 MB
2026.04.27 14:16:15 INFO  Progress (5): 0.5/12 MB | 2.6/2.6 MB | 0.5/1.9 MB | 426/463 kB | 0/1.4 MB
2026.04.27 14:16:15 INFO  Progress (5): 0.5/12 MB | 2.6 MB | 0.5/1.9 MB | 426/463 kB | 0/1.4 MB    
2026.04.27 14:16:15 INFO                                                                       
2026.04.27 14:16:15 INFO  Downloaded from central: https://repo.maven.apache.org/maven2/org/scala-sbt/zinc-persist-core-assembly/1.8.0/zinc-persist-core-assembly-1.8.0.jar (2.6 MB at 563 kB/s)
2026.04.27 14:16:15 INFO  Downloading from central: https://repo.maven.apache.org/maven2/org/scala-sbt/collections_2.13/1.8.0/collections_2.13-1.8.0.jar
2026.04.27 14:16:15 INFO  Progress (4): 0.5/12 MB | 0.5/1.9 MB | 426/463 kB | 0.1/1.4 MB
2026.04.27 14:16:15 INFO  Progress (4): 0.5/12 MB | 0.5/1.9 MB | 426/463 kB | 0.1/1.4 MB
2026.04.27 14:16:15 INFO  Progress (4): 0.5/12 MB | 0.5/1.9 MB | 426/463 kB | 0.1/1.4 MB
2026.04.27 14:16:15 INFO  Progress (4): 0.5/12 MB | 0.5/1.9 MB | 426/463 kB | 0.1/1.4 MB
2026.04.27 14:16:15 INFO  Progress (4): 0.5/12 MB | 0.5/1.9 MB | 426/463 kB | 0.1/1.4 MB
2026.04.27 14:16:15 INFO  Progress (4): 0.5/12 MB | 0.5/1.9 MB | 426/463 kB | 0.1/1.4 MB
2026.04.27 14:16:15 INFO  Progress (4): 0.5/12 MB | 0.5/1.9 MB | 426/463 kB | 0.2/1.4 MB
2026.04.27 14:16:15 INFO  Progress (4): 0.5/12 MB | 0.5/1.9 MB | 426/463 kB | 0.2/1.4 MB
2026.04.27 14:16:15 INFO  Progress (4): 0.5/12 MB | 0.5/1.9 MB | 426/463 kB | 0.2/1.4 MB
2026.04.27 14:16:16 INFO  Progress (4): 0.6/12 MB | 0.5/1.9 MB | 426/463 kB | 0.2/1.4 MB
2026.04.27 14:16:16 INFO  Progress (4): 0.6/12 MB | 0.5/1.9 MB | 426/463 kB | 0.2/1.4 MB
2026.04.27 14:16:16 INFO  Progress (4): 0.6/12 MB | 0.5/1.9 MB | 426/463 kB | 0.2/1.4 MB
2026.04.27 14:16:16 INFO  Progress (4): 0.6/12 MB | 0.5/1.9 MB | 426/463 kB | 0.2/1.4 MB
2026.04.27 14:16:16 INFO  Progress (4): 0.6/12 MB | 0.5/1.9 MB | 426/463 kB | 0.3/1.4 MB
2026.04.27 14:16:16 INFO  Progress (4): 0.6/12 MB | 0.5/1.9 MB | 426/463 kB | 0.3/1.4 MB
2026.04.27 14:16:16 INFO  Progress (4): 0.6/12 MB | 0.5/1.9 MB | 426/463 kB | 0.3/1.4 MB
2026.04.27 14:16:16 INFO  Progress (4): 0.6/12 MB | 0.5/1.9 MB | 426/463 kB | 0.3/1.4 MB
2026.04.27 14:16:16 INFO  Progress (4): 0.6/12 MB | 0.5/1.9 MB | 426/463 kB | 0.3/1.4 MB
2026.04.27 14:16:16 INFO  Progress (4): 0.6/12 MB | 0.5/1.9 MB | 442/463 kB | 0.3/1.4 MB
2026.04.27 14:16:16 INFO  Progress (4): 0.6/12 MB | 0.5/1.9 MB | 459/463 kB | 0.3/1.4 MB
2026.04.27 14:16:16 INFO  Progress (4): 0.6/12 MB | 0.5/1.9 MB | 463 kB | 0.3/1.4 MB    
2026.04.27 14:16:16 INFO                                                            
2026.04.27 14:16:16 INFO  Downloaded from central: https://repo.maven.apache.org/maven2/org/scala-sbt/util-logging_2.13/1.8.0/util-logging_2.13-1.8.0.jar (463 kB at 96 kB/s)
2026.04.27 14:16:16 INFO  Downloading from central: https://repo.maven.apache.org/maven2/org/scala-sbt/util-position_2.13/1.8.0/util-position_2.13-1.8.0.jar
2026.04.27 14:16:16 INFO  Progress (3): 0.6/12 MB | 0.5/1.9 MB | 0.3/1.4 MB
2026.04.27 14:16:16 INFO  Progress (3): 0.6/12 MB | 0.5/1.9 MB | 0.3/1.4 MB
2026.04.27 14:16:16 INFO  Progress (3): 0.6/12 MB | 0.5/1.9 MB | 0.3/1.4 MB
2026.04.27 14:16:16 INFO  Progress (3): 0.6/12 MB | 0.5/1.9 MB | 0.3/1.4 MB
2026.04.27 14:16:16 INFO  Progress (4): 0.6/12 MB | 0.5/1.9 MB | 0.3/1.4 MB | 7.7/365 kB
2026.04.27 14:16:16 INFO  Progress (4): 0.6/12 MB | 0.5/1.9 MB | 0.3/1.4 MB | 12/365 kB 
2026.04.27 14:16:16 INFO  Progress (4): 0.6/12 MB | 0.5/1.9 MB | 0.3/1.4 MB | 29/365 kB
2026.04.27 14:16:16 INFO  Progress (4): 0.6/12 MB | 0.5/1.9 MB | 0.3/1.4 MB | 45/365 kB
2026.04.27 14:16:16 INFO  Progress (4): 0.6/12 MB | 0.5/1.9 MB | 0.3/1.4 MB | 45/365 kB
2026.04.27 14:16:16 INFO  Progress (4): 0.6/12 MB | 0.5/1.9 MB | 0.3/1.4 MB | 61/365 kB
2026.04.27 14:16:16 INFO  Progress (4): 0.6/12 MB | 0.5/1.9 MB | 0.3/1.4 MB | 61/365 kB
2026.04.27 14:16:16 INFO  Progress (4): 0.6/12 MB | 0.5/1.9 MB | 0.3/1.4 MB | 61/365 kB
2026.04.27 14:16:16 INFO  Progress (4): 0.6/12 MB | 0.5/1.9 MB | 0.4/1.4 MB | 61/365 kB
2026.04.27 14:16:16 INFO  Progress (4): 0.6/12 MB | 0.5/1.9 MB | 0.4/1.4 MB | 61/365 kB
2026.04.27 14:16:16 INFO  Progress (4): 0.6/12 MB | 0.5/1.9 MB | 0.4/1.4 MB | 61/365 kB
2026.04.27 14:16:16 INFO  Progress (4): 0.6/12 MB | 0.5/1.9 MB | 0.4/1.4 MB | 61/365 kB
2026.04.27 14:16:16 INFO  Progress (4): 0.6/12 MB | 0.5/1.9 MB | 0.4/1.4 MB | 61/365 kB
2026.04.27 14:16:16 INFO  Progress (4): 0.6/12 MB | 0.5/1.9 MB | 0.4/1.4 MB | 61/365 kB
2026.04.27 14:16:16 INFO  Progress (4): 0.6/12 MB | 0.5/1.9 MB | 0.5/1.4 MB | 61/365 kB
2026.04.27 14:16:16 INFO  Progress (4): 0.6/12 MB | 0.5/1.9 MB | 0.5/1.4 MB | 61/365 kB
2026.04.27 14:16:16 INFO  Progress (4): 0.6/12 MB | 0.5/1.9 MB | 0.5/1.4 MB | 61/365 kB
2026.04.27 14:16:16 INFO  Progress (4): 0.6/12 MB | 0.5/1.9 MB | 0.5/1.4 MB | 78/365 kB
2026.04.27 14:16:16 INFO  Progress (4): 0.6/12 MB | 0.5/1.9 MB | 0.5/1.4 MB | 94/365 kB
2026.04.27 14:16:16 INFO  Progress (4): 0.6/12 MB | 0.5/1.9 MB | 0.5/1.4 MB | 111/365 kB
2026.04.27 14:16:16 INFO  Progress (4): 0.6/12 MB | 0.5/1.9 MB | 0.5/1.4 MB | 127/365 kB
2026.04.27 14:16:16 INFO  Progress (4): 0.6/12 MB | 0.5/1.9 MB | 0.5/1.4 MB | 143/365 kB
2026.04.27 14:16:16 INFO  Progress (4): 0.6/12 MB | 0.5/1.9 MB | 0.5/1.4 MB | 160/365 kB
2026.04.27 14:16:16 INFO  Progress (4): 0.6/12 MB | 0.5/1.9 MB | 0.5/1.4 MB | 176/365 kB
2026.04.27 14:16:16 INFO  Progress (4): 0.6/12 MB | 0.5/1.9 MB | 0.5/1.4 MB | 193/365 kB
2026.04.27 14:16:16 INFO  Progress (4): 0.6/12 MB | 0.5/1.9 MB | 0.5/1.4 MB | 209/365 kB
2026.04.27 14:16:16 INFO  Progress (4): 0.6/12 MB | 0.5/1.9 MB | 0.5/1.4 MB | 225/365 kB
2026.04.27 14:16:16 INFO  Progress (4): 0.6/12 MB | 0.5/1.9 MB | 0.5/1.4 MB | 242/365 kB
2026.04.27 14:16:16 INFO  Progress (4): 0.6/12 MB | 0.5/1.9 MB | 0.5/1.4 MB | 242/365 kB
2026.04.27 14:16:16 INFO  Progress (4): 0.6/12 MB | 0.5/1.9 MB | 0.5/1.4 MB | 242/365 kB
2026.04.27 14:16:16 INFO  Progress (4): 0.7/12 MB | 0.5/1.9 MB | 0.5/1.4 MB | 242/365 kB
2026.04.27 14:16:16 INFO  Progress (4): 0.7/12 MB | 0.5/1.9 MB | 0.5/1.4 MB | 242/365 kB
2026.04.27 14:16:16 INFO  Progress (4): 0.7/12 MB | 0.5/1.9 MB | 0.5/1.4 MB | 242/365 kB
2026.04.27 14:16:16 INFO  Progress (4): 0.7/12 MB | 0.5/1.9 MB | 0.5/1.4 MB | 258/365 kB
2026.04.27 14:16:16 INFO  Progress (4): 0.7/12 MB | 0.5/1.9 MB | 0.5/1.4 MB | 274/365 kB
2026.04.27 14:16:16 INFO  Progress (4): 0.7/12 MB | 0.5/1.9 MB | 0.5/1.4 MB | 291/365 kB
2026.04.27 14:16:16 INFO  Progress (4): 0.7/12 MB | 0.5/1.9 MB | 0.5/1.4 MB | 307/365 kB
2026.04.27 14:16:16 INFO  Progress (4): 0.7/12 MB | 0.5/1.9 MB | 0.5/1.4 MB | 324/365 kB
2026.04.27 14:16:16 INFO  Progress (4): 0.7/12 MB | 0.5/1.9 MB | 0.5/1.4 MB | 340/365 kB
2026.04.27 14:16:16 INFO  Progress (4): 0.7/12 MB | 0.5/1.9 MB | 0.5/1.4 MB | 356/365 kB
2026.04.27 14:16:16 INFO  Progress (4): 0.7/12 MB | 0.5/1.9 MB | 0.5/1.4 MB | 365 kB    
2026.04.27 14:16:16 INFO                                                            
2026.04.27 14:16:16 INFO  Downloaded from central: https://repo.maven.apache.org/maven2/org/scala-sbt/collections_2.13/1.8.0/collections_2.13-1.8.0.jar (365 kB at 74 kB/s)
2026.04.27 14:16:16 INFO  Downloading from central: https://repo.maven.apache.org/maven2/org/scala-sbt/core-macros_2.13/1.8.0/core-macros_2.13-1.8.0.jar
2026.04.27 14:16:16 INFO  Progress (3): 0.7/12 MB | 0.5/1.9 MB | 0.5/1.4 MB
2026.04.27 14:16:16 INFO  Progress (4): 0.7/12 MB | 0.5/1.9 MB | 0.5/1.4 MB | 7.7/28 kB
2026.04.27 14:16:16 INFO  Progress (4): 0.7/12 MB | 0.5/1.9 MB | 0.5/1.4 MB | 16/28 kB 
2026.04.27 14:16:16 INFO  Progress (4): 0.7/12 MB | 0.5/1.9 MB | 0.5/1.4 MB | 16/28 kB
2026.04.27 14:16:16 INFO  Progress (4): 0.7/12 MB | 0.5/1.9 MB | 0.5/1.4 MB | 16/28 kB
2026.04.27 14:16:16 INFO  Progress (4): 0.7/12 MB | 0.5/1.9 MB | 0.5/1.4 MB | 16/28 kB
2026.04.27 14:16:16 INFO  Progress (4): 0.7/12 MB | 0.6/1.9 MB | 0.5/1.4 MB | 16/28 kB
2026.04.27 14:16:16 INFO  Progress (4): 0.7/12 MB | 0.6/1.9 MB | 0.5/1.4 MB | 16/28 kB
2026.04.27 14:16:16 INFO  Progress (4): 0.7/12 MB | 0.6/1.9 MB | 0.5/1.4 MB | 16/28 kB
2026.04.27 14:16:16 INFO  Progress (4): 0.7/12 MB | 0.6/1.9 MB | 0.5/1.4 MB | 16/28 kB
2026.04.27 14:16:16 INFO  Progress (4): 0.7/12 MB | 0.6/1.9 MB | 0.5/1.4 MB | 16/28 kB
2026.04.27 14:16:16 INFO  Progress (4): 0.7/12 MB | 0.6/1.9 MB | 0.5/1.4 MB | 16/28 kB
2026.04.27 14:16:16 INFO  Progress (4): 0.7/12 MB | 0.7/1.9 MB | 0.5/1.4 MB | 16/28 kB
2026.04.27 14:16:16 INFO  Progress (4): 0.7/12 MB | 0.7/1.9 MB | 0.5/1.4 MB | 16/28 kB
2026.04.27 14:16:16 INFO  Progress (4): 0.7/12 MB | 0.7/1.9 MB | 0.5/1.4 MB | 16/28 kB
2026.04.27 14:16:16 INFO  Progress (4): 0.7/12 MB | 0.7/1.9 MB | 0.5/1.4 MB | 16/28 kB
2026.04.27 14:16:16 INFO  Progress (4): 0.7/12 MB | 0.7/1.9 MB | 0.5/1.4 MB | 16/28 kB
2026.04.27 14:16:16 INFO  Progress (4): 0.7/12 MB | 0.7/1.9 MB | 0.5/1.4 MB | 16/28 kB
2026.04.27 14:16:16 INFO  Progress (4): 0.7/12 MB | 0.8/1.9 MB | 0.5/1.4 MB | 16/28 kB
2026.04.27 14:16:16 INFO  Progress (4): 0.7/12 MB | 0.8/1.9 MB | 0.5/1.4 MB | 16/28 kB
2026.04.27 14:16:16 INFO  Progress (4): 0.7/12 MB | 0.8/1.9 MB | 0.5/1.4 MB | 16/28 kB
2026.04.27 14:16:16 INFO  Progress (4): 0.7/12 MB | 0.8/1.9 MB | 0.5/1.4 MB | 16/28 kB
2026.04.27 14:16:16 INFO  Progress (4): 0.7/12 MB | 0.8/1.9 MB | 0.5/1.4 MB | 16/28 kB
2026.04.27 14:16:16 INFO  Progress (4): 0.7/12 MB | 0.8/1.9 MB | 0.5/1.4 MB | 16/28 kB
2026.04.27 14:16:16 INFO  Progress (5): 0.7/12 MB | 0.8/1.9 MB | 0.5/1.4 MB | 16/28 kB | 7.7/87 kB
2026.04.27 14:16:16 INFO  Progress (5): 0.7/12 MB | 0.8/1.9 MB | 0.5/1.4 MB | 16/28 kB | 16/87 kB 
2026.04.27 14:16:16 INFO  Progress (5): 0.7/12 MB | 0.8/1.9 MB | 0.5/1.4 MB | 16/28 kB | 16/87 kB
2026.04.27 14:16:16 INFO  Progress (5): 0.7/12 MB | 0.9/1.9 MB | 0.5/1.4 MB | 16/28 kB | 16/87 kB
2026.04.27 14:16:16 INFO  Progress (5): 0.7/12 MB | 0.9/1.9 MB | 0.5/1.4 MB | 16/28 kB | 16/87 kB
2026.04.27 14:16:16 INFO  Progress (5): 0.7/12 MB | 0.9/1.9 MB | 0.5/1.4 MB | 16/28 kB | 16/87 kB
2026.04.27 14:16:16 INFO  Progress (5): 0.7/12 MB | 0.9/1.9 MB | 0.5/1.4 MB | 16/28 kB | 16/87 kB
2026.04.27 14:16:16 INFO  Progress (5): 0.7/12 MB | 0.9/1.9 MB | 0.5/1.4 MB | 16/28 kB | 16/87 kB
2026.04.27 14:16:16 INFO  Progress (5): 0.7/12 MB | 0.9/1.9 MB | 0.5/1.4 MB | 16/28 kB | 16/87 kB
2026.04.27 14:16:16 INFO  Progress (5): 0.7/12 MB | 0.9/1.9 MB | 0.6/1.4 MB | 16/28 kB | 16/87 kB
2026.04.27 14:16:16 INFO  Progress (5): 0.7/12 MB | 0.9/1.9 MB | 0.6/1.4 MB | 16/28 kB | 16/87 kB
2026.04.27 14:16:16 INFO  Progress (5): 0.7/12 MB | 0.9/1.9 MB | 0.6/1.4 MB | 16/28 kB | 16/87 kB
2026.04.27 14:16:16 INFO  Progress (5): 0.7/12 MB | 0.9/1.9 MB | 0.6/1.4 MB | 16/28 kB | 16/87 kB
2026.04.27 14:16:16 INFO  Progress (5): 0.7/12 MB | 0.9/1.9 MB | 0.6/1.4 MB | 16/28 kB | 16/87 kB
2026.04.27 14:16:16 INFO  Progress (5): 0.7/12 MB | 0.9/1.9 MB | 0.6/1.4 MB | 16/28 kB | 16/87 kB
2026.04.27 14:16:16 INFO  Progress (5): 0.7/12 MB | 0.9/1.9 MB | 0.7/1.4 MB | 16/28 kB | 16/87 kB
2026.04.27 14:16:16 INFO  Progress (5): 0.7/12 MB | 0.9/1.9 MB | 0.7/1.4 MB | 16/28 kB | 16/87 kB
2026.04.27 14:16:16 INFO  Progress (5): 0.7/12 MB | 0.9/1.9 MB | 0.7/1.4 MB | 16/28 kB | 16/87 kB
2026.04.27 14:16:16 INFO  Progress (5): 0.7/12 MB | 0.9/1.9 MB | 0.7/1.4 MB | 16/28 kB | 16/87 kB
2026.04.27 14:16:16 INFO  Progress (5): 0.7/12 MB | 0.9/1.9 MB | 0.7/1.4 MB | 16/28 kB | 16/87 kB
2026.04.27 14:16:16 INFO  Progress (5): 0.7/12 MB | 0.9/1.9 MB | 0.7/1.4 MB | 16/28 kB | 16/87 kB
2026.04.27 14:16:16 INFO  Progress (5): 0.7/12 MB | 0.9/1.9 MB | 0.8/1.4 MB | 16/28 kB | 16/87 kB
2026.04.27 14:16:16 INFO  Progress (5): 0.7/12 MB | 0.9/1.9 MB | 0.8/1.4 MB | 16/28 kB | 16/87 kB
2026.04.27 14:16:16 INFO  Progress (5): 0.7/12 MB | 0.9/1.9 MB | 0.8/1.4 MB | 16/28 kB | 16/87 kB
2026.04.27 14:16:16 INFO  Progress (5): 0.7/12 MB | 0.9/1.9 MB | 0.8/1.4 MB | 16/28 kB | 16/87 kB
2026.04.27 14:16:16 INFO  Progress (5): 0.7/12 MB | 0.9/1.9 MB | 0.8/1.4 MB | 16/28 kB | 16/87 kB
2026.04.27 14:16:16 INFO  Progress (5): 0.7/12 MB | 0.9/1.9 MB | 0.8/1.4 MB | 16/28 kB | 16/87 kB
2026.04.27 14:16:16 INFO  Progress (5): 0.7/12 MB | 0.9/1.9 MB | 0.8/1.4 MB | 16/28 kB | 16/87 kB
2026.04.27 14:16:16 INFO  Progress (5): 0.7/12 MB | 0.9/1.9 MB | 0.8/1.4 MB | 16/28 kB | 16/87 kB
2026.04.27 14:16:16 INFO  Progress (5): 0.7/12 MB | 0.9/1.9 MB | 0.8/1.4 MB | 16/28 kB | 16/87 kB
2026.04.27 14:16:16 INFO  Progress (5): 0.7/12 MB | 0.9/1.9 MB | 0.8/1.4 MB | 16/28 kB | 16/87 kB
2026.04.27 14:16:16 INFO  Progress (5): 0.7/12 MB | 0.9/1.9 MB | 0.8/1.4 MB | 16/28 kB | 16/87 kB
2026.04.27 14:16:16 INFO  Progress (5): 0.7/12 MB | 1.0/1.9 MB | 0.8/1.4 MB | 16/28 kB | 16/87 kB
2026.04.27 14:16:16 INFO  Progress (5): 0.7/12 MB | 1.0/1.9 MB | 0.9/1.4 MB | 16/28 kB | 16/87 kB
2026.04.27 14:16:16 INFO  Progress (5): 0.7/12 MB | 1.0/1.9 MB | 0.9/1.4 MB | 16/28 kB | 16/87 kB
2026.04.27 14:16:16 INFO  Progress (5): 0.7/12 MB | 1.0/1.9 MB | 0.9/1.4 MB | 16/28 kB | 16/87 kB
2026.04.27 14:16:16 INFO  Progress (5): 0.7/12 MB | 1.0/1.9 MB | 0.9/1.4 MB | 16/28 kB | 16/87 kB
2026.04.27 14:16:16 INFO  Progress (5): 0.7/12 MB | 1.0/1.9 MB | 0.9/1.4 MB | 16/28 kB | 16/87 kB
2026.04.27 14:16:16 INFO  Progress (5): 0.7/12 MB | 1.0/1.9 MB | 0.9/1.4 MB | 16/28 kB | 16/87 kB
2026.04.27 14:16:16 INFO  Progress (5): 0.7/12 MB | 1.0/1.9 MB | 1.0/1.4 MB | 16/28 kB | 16/87 kB
2026.04.27 14:16:16 INFO  Progress (5): 0.7/12 MB | 1.0/1.9 MB | 1.0/1.4 MB | 16/28 kB | 16/87 kB
2026.04.27 14:16:16 INFO  Progress (5): 0.7/12 MB | 1.0/1.9 MB | 1.0/1.4 MB | 16/28 kB | 16/87 kB
2026.04.27 14:16:16 INFO  Progress (5): 0.7/12 MB | 1.0/1.9 MB | 1.0/1.4 MB | 16/28 kB | 16/87 kB
2026.04.27 14:16:16 INFO  Progress (5): 0.7/12 MB | 1.0/1.9 MB | 1.0/1.4 MB | 16/28 kB | 16/87 kB
2026.04.27 14:16:16 INFO  Progress (5): 0.7/12 MB | 1.0/1.9 MB | 1.0/1.4 MB | 16/28 kB | 16/87 kB
2026.04.27 14:16:16 INFO  Progress (5): 0.7/12 MB | 1.0/1.9 MB | 1.1/1.4 MB | 16/28 kB | 16/87 kB
2026.04.27 14:16:16 INFO  Progress (5): 0.7/12 MB | 1.0/1.9 MB | 1.1/1.4 MB | 16/28 kB | 16/87 kB
2026.04.27 14:16:16 INFO  Progress (5): 0.7/12 MB | 1.0/1.9 MB | 1.1/1.4 MB | 16/28 kB | 16/87 kB
2026.04.27 14:16:16 INFO  Progress (5): 0.7/12 MB | 1.0/1.9 MB | 1.1/1.4 MB | 16/28 kB | 16/87 kB
2026.04.27 14:16:16 INFO  Progress (5): 0.7/12 MB | 1.0/1.9 MB | 1.1/1.4 MB | 16/28 kB | 16/87 kB
2026.04.27 14:16:16 INFO  Progress (5): 0.7/12 MB | 1.0/1.9 MB | 1.1/1.4 MB | 16/28 kB | 16/87 kB
2026.04.27 14:16:16 INFO  Progress (5): 0.7/12 MB | 1.0/1.9 MB | 1.1/1.4 MB | 16/28 kB | 16/87 kB
2026.04.27 14:16:16 INFO  Progress (5): 0.7/12 MB | 1.0/1.9 MB | 1.1/1.4 MB | 16/28 kB | 16/87 kB
2026.04.27 14:16:16 INFO  Progress (5): 0.7/12 MB | 1.0/1.9 MB | 1.2/1.4 MB | 16/28 kB | 16/87 kB
2026.04.27 14:16:16 INFO  Progress (5): 0.7/12 MB | 1.0/1.9 MB | 1.2/1.4 MB | 16/28 kB | 16/87 kB
2026.04.27 14:16:16 INFO  Progress (5): 0.7/12 MB | 1.0/1.9 MB | 1.2/1.4 MB | 16/28 kB | 16/87 kB
2026.04.27 14:16:16 INFO  Progress (5): 0.8/12 MB | 1.0/1.9 MB | 1.2/1.4 MB | 16/28 kB | 16/87 kB
2026.04.27 14:16:16 INFO  Progress (5): 0.8/12 MB | 1.0/1.9 MB | 1.2/1.4 MB | 16/28 kB | 16/87 kB
2026.04.27 14:16:16 INFO  Progress (5): 0.8/12 MB | 1.0/1.9 MB | 1.2/1.4 MB | 16/28 kB | 16/87 kB
2026.04.27 14:16:16 INFO  Progress (5): 0.8/12 MB | 1.0/1.9 MB | 1.2/1.4 MB | 16/28 kB | 16/87 kB
2026.04.27 14:16:16 INFO  Progress (5): 0.8/12 MB | 1.0/1.9 MB | 1.2/1.4 MB | 16/28 kB | 25/87 kB
2026.04.27 14:16:16 INFO  Progress (5): 0.8/12 MB | 1.0/1.9 MB | 1.2/1.4 MB | 16/28 kB | 41/87 kB
2026.04.27 14:16:16 INFO  Progress (5): 0.8/12 MB | 1.0/1.9 MB | 1.2/1.4 MB | 16/28 kB | 57/87 kB
2026.04.27 14:16:16 INFO  Progress (5): 0.8/12 MB | 1.0/1.9 MB | 1.2/1.4 MB | 16/28 kB | 74/87 kB
2026.04.27 14:16:16 INFO  Progress (5): 0.8/12 MB | 1.0/1.9 MB | 1.2/1.4 MB | 16/28 kB | 87 kB   
2026.04.27 14:16:16 INFO                                                                      
2026.04.27 14:16:16 INFO  Downloaded from central: https://repo.maven.apache.org/maven2/org/scala-sbt/core-macros_2.13/1.8.0/core-macros_2.13-1.8.0.jar (87 kB at 16 kB/s)
2026.04.27 14:16:16 INFO  Downloading from central: https://repo.maven.apache.org/maven2/org/jline/jline-terminal/3.19.0/jline-terminal-3.19.0.jar
2026.04.27 14:16:16 INFO  Progress (4): 0.8/12 MB | 1.0/1.9 MB | 1.2/1.4 MB | 16/28 kB
2026.04.27 14:16:16 INFO  Progress (4): 0.8/12 MB | 1.0/1.9 MB | 1.2/1.4 MB | 16/28 kB
2026.04.27 14:16:16 INFO  Progress (4): 0.8/12 MB | 1.0/1.9 MB | 1.2/1.4 MB | 16/28 kB
2026.04.27 14:16:16 INFO  Progress (4): 0.8/12 MB | 1.0/1.9 MB | 1.2/1.4 MB | 16/28 kB
2026.04.27 14:16:16 INFO  Progress (4): 0.9/12 MB | 1.0/1.9 MB | 1.2/1.4 MB | 16/28 kB
2026.04.27 14:16:16 INFO  Progress (4): 0.9/12 MB | 1.0/1.9 MB | 1.2/1.4 MB | 16/28 kB
2026.04.27 14:16:16 INFO  Progress (4): 0.9/12 MB | 1.0/1.9 MB | 1.2/1.4 MB | 28 kB   
2026.04.27 14:16:16 INFO  Progress (4): 0.9/12 MB | 1.0/1.9 MB | 1.2/1.4 MB | 28 kB
2026.04.27 14:16:16 INFO                                                           
2026.04.27 14:16:16 INFO  Downloaded from central: https://repo.maven.apache.org/maven2/org/scala-sbt/util-position_2.13/1.8.0/util-position_2.13-1.8.0.jar (28 kB at 5.0 kB/s)
2026.04.27 14:16:16 INFO  Downloading from central: https://repo.maven.apache.org/maven2/org/scala-sbt/util-relation_2.13/1.8.0/util-relation_2.13-1.8.0.jar
2026.04.27 14:16:16 INFO  Progress (3): 0.9/12 MB | 1.0/1.9 MB | 1.2/1.4 MB
2026.04.27 14:16:16 INFO  Progress (3): 0.9/12 MB | 1.0/1.9 MB | 1.2/1.4 MB
2026.04.27 14:16:16 INFO  Progress (3): 0.9/12 MB | 1.0/1.9 MB | 1.2/1.4 MB
2026.04.27 14:16:16 INFO  Progress (3): 0.9/12 MB | 1.0/1.9 MB | 1.2/1.4 MB
2026.04.27 14:16:16 INFO  Progress (3): 0.9/12 MB | 1.1/1.9 MB | 1.2/1.4 MB
2026.04.27 14:16:16 INFO  Progress (3): 0.9/12 MB | 1.1/1.9 MB | 1.3/1.4 MB
2026.04.27 14:16:16 INFO  Progress (3): 0.9/12 MB | 1.1/1.9 MB | 1.3/1.4 MB
2026.04.27 14:16:16 INFO  Progress (3): 0.9/12 MB | 1.1/1.9 MB | 1.3/1.4 MB
2026.04.27 14:16:16 INFO  Progress (3): 0.9/12 MB | 1.1/1.9 MB | 1.3/1.4 MB
2026.04.27 14:16:16 INFO  Progress (3): 0.9/12 MB | 1.1/1.9 MB | 1.3/1.4 MB
2026.04.27 14:16:16 INFO  Progress (3): 0.9/12 MB | 1.1/1.9 MB | 1.3/1.4 MB
2026.04.27 14:16:16 INFO  Progress (3): 0.9/12 MB | 1.1/1.9 MB | 1.4/1.4 MB
2026.04.27 14:16:16 INFO  Progress (3): 0.9/12 MB | 1.1/1.9 MB | 1.4 MB    
2026.04.27 14:16:16 INFO                                               
2026.04.27 14:16:16 INFO  Downloaded from central: https://repo.maven.apache.org/maven2/net/java/dev/jna/jna-platform/5.12.0/jna-platform-5.12.0.jar (1.4 MB at 240 kB/s)
2026.04.27 14:16:16 INFO  Downloading from central: https://repo.maven.apache.org/maven2/org/scala-sbt/zinc-persist_2.13/1.8.0/zinc-persist_2.13-1.8.0.jar
2026.04.27 14:16:16 INFO  Progress (2): 0.9/12 MB | 1.1/1.9 MB
2026.04.27 14:16:16 INFO  Progress (3): 0.9/12 MB | 1.1/1.9 MB | 7.7/228 kB
2026.04.27 14:16:16 INFO  Progress (3): 0.9/12 MB | 1.1/1.9 MB | 16/228 kB 
2026.04.27 14:16:16 INFO  Progress (3): 0.9/12 MB | 1.1/1.9 MB | 24/228 kB
2026.04.27 14:16:16 INFO  Progress (3): 0.9/12 MB | 1.1/1.9 MB | 40/228 kB
2026.04.27 14:16:16 INFO  Progress (3): 0.9/12 MB | 1.1/1.9 MB | 40/228 kB
2026.04.27 14:16:16 INFO  Progress (3): 0.9/12 MB | 1.1/1.9 MB | 57/228 kB
2026.04.27 14:16:16 INFO  Progress (3): 0.9/12 MB | 1.1/1.9 MB | 57/228 kB
2026.04.27 14:16:16 INFO  Progress (3): 0.9/12 MB | 1.1/1.9 MB | 73/228 kB
2026.04.27 14:16:16 INFO  Progress (3): 0.9/12 MB | 1.1/1.9 MB | 90/228 kB
2026.04.27 14:16:16 INFO  Progress (3): 0.9/12 MB | 1.1/1.9 MB | 90/228 kB
2026.04.27 14:16:16 INFO  Progress (3): 0.9/12 MB | 1.1/1.9 MB | 106/228 kB
2026.04.27 14:16:16 INFO  Progress (3): 0.9/12 MB | 1.1/1.9 MB | 122/228 kB
2026.04.27 14:16:16 INFO  Progress (3): 0.9/12 MB | 1.1/1.9 MB | 139/228 kB
2026.04.27 14:16:16 INFO  Progress (3): 0.9/12 MB | 1.1/1.9 MB | 139/228 kB
2026.04.27 14:16:16 INFO  Progress (3): 0.9/12 MB | 1.1/1.9 MB | 155/228 kB
2026.04.27 14:16:16 INFO  Progress (3): 0.9/12 MB | 1.1/1.9 MB | 172/228 kB
2026.04.27 14:16:16 INFO  Progress (3): 0.9/12 MB | 1.1/1.9 MB | 172/228 kB
2026.04.27 14:16:16 INFO  Progress (3): 0.9/12 MB | 1.1/1.9 MB | 188/228 kB
2026.04.27 14:16:16 INFO  Progress (3): 0.9/12 MB | 1.1/1.9 MB | 204/228 kB
2026.04.27 14:16:16 INFO  Progress (3): 0.9/12 MB | 1.1/1.9 MB | 221/228 kB
2026.04.27 14:16:16 INFO  Progress (3): 0.9/12 MB | 1.1/1.9 MB | 228 kB    
2026.04.27 14:16:16 INFO  Progress (3): 0.9/12 MB | 1.1/1.9 MB | 228 kB
2026.04.27 14:16:16 INFO                                               
2026.04.27 14:16:16 INFO  Downloaded from central: https://repo.maven.apache.org/maven2/org/jline/jline-terminal/3.19.0/jline-terminal-3.19.0.jar (228 kB at 40 kB/s)
2026.04.27 14:16:16 INFO  Downloading from central: https://repo.maven.apache.org/maven2/org/scala-sbt/zinc-compile-core_2.13/1.8.0/zinc-compile-core_2.13-1.8.0.jar
2026.04.27 14:16:16 INFO  Progress (2): 0.9/12 MB | 1.2/1.9 MB
2026.04.27 14:16:16 INFO  Progress (2): 0.9/12 MB | 1.2/1.9 MB
2026.04.27 14:16:17 INFO  Progress (2): 0.9/12 MB | 1.2/1.9 MB
2026.04.27 14:16:17 INFO  Progress (2): 0.9/12 MB | 1.2/1.9 MB
2026.04.27 14:16:17 INFO  Progress (2): 0.9/12 MB | 1.2/1.9 MB
2026.04.27 14:16:17 INFO  Progress (3): 0.9/12 MB | 1.2/1.9 MB | 7.7/15 kB
2026.04.27 14:16:17 INFO  Progress (3): 0.9/12 MB | 1.2/1.9 MB | 15 kB    
2026.04.27 14:16:17 INFO                                              
2026.04.27 14:16:17 INFO  Downloaded from central: https://repo.maven.apache.org/maven2/org/scala-sbt/util-relation_2.13/1.8.0/util-relation_2.13-1.8.0.jar (15 kB at 2.6 kB/s)
2026.04.27 14:16:17 INFO  Downloading from central: https://repo.maven.apache.org/maven2/net/openhft/zero-allocation-hashing/0.10.1/zero-allocation-hashing-0.10.1.jar
2026.04.27 14:16:17 INFO  Progress (2): 1.0/12 MB | 1.2/1.9 MB
2026.04.27 14:16:17 INFO  Progress (2): 1.0/12 MB | 1.2/1.9 MB
2026.04.27 14:16:17 INFO  Progress (2): 1.0/12 MB | 1.2/1.9 MB
2026.04.27 14:16:17 INFO  Progress (2): 1.0/12 MB | 1.3/1.9 MB
2026.04.27 14:16:17 INFO  Progress (2): 1.0/12 MB | 1.3/1.9 MB
2026.04.27 14:16:17 INFO  Progress (2): 1.0/12 MB | 1.3/1.9 MB
2026.04.27 14:16:17 INFO  Progress (2): 1.0/12 MB | 1.3/1.9 MB
2026.04.27 14:16:17 INFO  Progress (2): 1.0/12 MB | 1.3/1.9 MB
2026.04.27 14:16:17 INFO  Progress (2): 1.0/12 MB | 1.3/1.9 MB
2026.04.27 14:16:17 INFO  Progress (2): 1.0/12 MB | 1.4/1.9 MB
2026.04.27 14:16:17 INFO  Progress (2): 1.0/12 MB | 1.4/1.9 MB
2026.04.27 14:16:17 INFO  Progress (3): 1.0/12 MB | 1.4/1.9 MB | 8.2/270 kB
2026.04.27 14:16:17 INFO  Progress (3): 1.0/12 MB | 1.4/1.9 MB | 8.2/270 kB
2026.04.27 14:16:17 INFO  Progress (3): 1.0/12 MB | 1.4/1.9 MB | 8.2/270 kB
2026.04.27 14:16:17 INFO  Progress (3): 1.0/12 MB | 1.4/1.9 MB | 8.2/270 kB
2026.04.27 14:16:17 INFO  Progress (3): 1.0/12 MB | 1.4/1.9 MB | 8.2/270 kB
2026.04.27 14:16:17 INFO  Progress (3): 1.0/12 MB | 1.4/1.9 MB | 8.2/270 kB
2026.04.27 14:16:17 INFO  Progress (3): 1.0/12 MB | 1.5/1.9 MB | 8.2/270 kB
2026.04.27 14:16:17 INFO  Progress (3): 1.0/12 MB | 1.5/1.9 MB | 8.2/270 kB
2026.04.27 14:16:17 INFO  Progress (3): 1.0/12 MB | 1.5/1.9 MB | 8.2/270 kB
2026.04.27 14:16:17 INFO  Progress (4): 1.0/12 MB | 1.5/1.9 MB | 8.2/270 kB | 7.7/60 kB
2026.04.27 14:16:17 INFO  Progress (4): 1.0/12 MB | 1.5/1.9 MB | 8.2/270 kB | 16/60 kB 
2026.04.27 14:16:17 INFO  Progress (4): 1.0/12 MB | 1.5/1.9 MB | 8.2/270 kB | 16/60 kB
2026.04.27 14:16:17 INFO  Progress (4): 1.0/12 MB | 1.5/1.9 MB | 8.2/270 kB | 24/60 kB
2026.04.27 14:16:17 INFO  Progress (4): 1.0/12 MB | 1.5/1.9 MB | 8.2/270 kB | 40/60 kB
2026.04.27 14:16:17 INFO  Progress (4): 1.0/12 MB | 1.5/1.9 MB | 8.2/270 kB | 40/60 kB
2026.04.27 14:16:17 INFO  Progress (4): 1.0/12 MB | 1.5/1.9 MB | 8.2/270 kB | 57/60 kB
2026.04.27 14:16:17 INFO  Progress (4): 1.0/12 MB | 1.5/1.9 MB | 8.2/270 kB | 60 kB   
2026.04.27 14:16:17 INFO  Progress (4): 1.0/12 MB | 1.5/1.9 MB | 25/270 kB | 60 kB 
2026.04.27 14:16:17 INFO                                                          
2026.04.27 14:16:17 INFO  Downloaded from central: https://repo.maven.apache.org/maven2/net/openhft/zero-allocation-hashing/0.10.1/zero-allocation-hashing-0.10.1.jar (60 kB at 10 kB/s)
2026.04.27 14:16:17 INFO  Downloading from central: https://repo.maven.apache.org/maven2/org/scala-sbt/util-control_2.13/1.8.0/util-control_2.13-1.8.0.jar
2026.04.27 14:16:17 INFO  Progress (3): 1.0/12 MB | 1.5/1.9 MB | 25/270 kB
2026.04.27 14:16:17 INFO  Progress (3): 1.0/12 MB | 1.5/1.9 MB | 41/270 kB
2026.04.27 14:16:17 INFO  Progress (3): 1.0/12 MB | 1.5/1.9 MB | 57/270 kB
2026.04.27 14:16:17 INFO  Progress (3): 1.0/12 MB | 1.6/1.9 MB | 57/270 kB
2026.04.27 14:16:17 INFO  Progress (3): 1.0/12 MB | 1.6/1.9 MB | 74/270 kB
2026.04.27 14:16:17 INFO  Progress (3): 1.0/12 MB | 1.6/1.9 MB | 82/270 kB
2026.04.27 14:16:17 INFO  Progress (3): 1.0/12 MB | 1.6/1.9 MB | 98/270 kB
2026.04.27 14:16:17 INFO  Progress (3): 1.0/12 MB | 1.6/1.9 MB | 98/270 kB
2026.04.27 14:16:17 INFO  Progress (3): 1.0/12 MB | 1.6/1.9 MB | 98/270 kB
2026.04.27 14:16:17 INFO  Progress (3): 1.0/12 MB | 1.6/1.9 MB | 115/270 kB
2026.04.27 14:16:17 INFO  Progress (3): 1.0/12 MB | 1.6/1.9 MB | 115/270 kB
2026.04.27 14:16:17 INFO  Progress (3): 1.0/12 MB | 1.6/1.9 MB | 131/270 kB
2026.04.27 14:16:17 INFO  Progress (3): 1.0/12 MB | 1.6/1.9 MB | 131/270 kB
2026.04.27 14:16:17 INFO  Progress (3): 1.0/12 MB | 1.6/1.9 MB | 131/270 kB
2026.04.27 14:16:17 INFO  Progress (4): 1.0/12 MB | 1.6/1.9 MB | 131/270 kB | 7.7/254 kB
2026.04.27 14:16:17 INFO  Progress (4): 1.0/12 MB | 1.6/1.9 MB | 131/270 kB | 16/254 kB 
2026.04.27 14:16:17 INFO  Progress (4): 1.0/12 MB | 1.6/1.9 MB | 131/270 kB | 24/254 kB
2026.04.27 14:16:17 INFO  Progress (4): 1.0/12 MB | 1.6/1.9 MB | 131/270 kB | 40/254 kB
2026.04.27 14:16:17 INFO  Progress (4): 1.0/12 MB | 1.6/1.9 MB | 131/270 kB | 57/254 kB
2026.04.27 14:16:17 INFO  Progress (4): 1.0/12 MB | 1.6/1.9 MB | 131/270 kB | 73/254 kB
2026.04.27 14:16:17 INFO  Progress (4): 1.0/12 MB | 1.6/1.9 MB | 131/270 kB | 90/254 kB
2026.04.27 14:16:17 INFO  Progress (4): 1.0/12 MB | 1.6/1.9 MB | 131/270 kB | 106/254 kB
2026.04.27 14:16:17 INFO  Progress (4): 1.0/12 MB | 1.6/1.9 MB | 131/270 kB | 122/254 kB
2026.04.27 14:16:17 INFO  Progress (4): 1.0/12 MB | 1.6/1.9 MB | 131/270 kB | 122/254 kB
2026.04.27 14:16:17 INFO  Progress (4): 1.0/12 MB | 1.6/1.9 MB | 131/270 kB | 139/254 kB
2026.04.27 14:16:17 INFO  Progress (4): 1.0/12 MB | 1.6/1.9 MB | 131/270 kB | 155/254 kB
2026.04.27 14:16:17 INFO  Progress (4): 1.0/12 MB | 1.6/1.9 MB | 131/270 kB | 172/254 kB
2026.04.27 14:16:17 INFO  Progress (4): 1.0/12 MB | 1.6/1.9 MB | 131/270 kB | 188/254 kB
2026.04.27 14:16:17 INFO  Progress (4): 1.0/12 MB | 1.6/1.9 MB | 131/270 kB | 204/254 kB
2026.04.27 14:16:17 INFO  Progress (4): 1.0/12 MB | 1.6/1.9 MB | 131/270 kB | 221/254 kB
2026.04.27 14:16:17 INFO  Progress (4): 1.0/12 MB | 1.6/1.9 MB | 131/270 kB | 237/254 kB
2026.04.27 14:16:17 INFO  Progress (4): 1.0/12 MB | 1.6/1.9 MB | 131/270 kB | 253/254 kB
2026.04.27 14:16:17 INFO  Progress (4): 1.0/12 MB | 1.6/1.9 MB | 131/270 kB | 254 kB    
2026.04.27 14:16:17 INFO                                                            
2026.04.27 14:16:17 INFO  Downloaded from central: https://repo.maven.apache.org/maven2/org/scala-sbt/zinc-compile-core_2.13/1.8.0/zinc-compile-core_2.13-1.8.0.jar (254 kB at 41 kB/s)
2026.04.27 14:16:17 INFO  Downloading from central: https://repo.maven.apache.org/maven2/org/scala-sbt/zinc-classfile_2.13/1.8.0/zinc-classfile_2.13-1.8.0.jar
2026.04.27 14:16:17 INFO  Progress (3): 1.0/12 MB | 1.6/1.9 MB | 131/270 kB
2026.04.27 14:16:17 INFO  Progress (3): 1.1/12 MB | 1.6/1.9 MB | 131/270 kB
2026.04.27 14:16:17 INFO  Progress (3): 1.1/12 MB | 1.6/1.9 MB | 131/270 kB
2026.04.27 14:16:17 INFO  Progress (3): 1.1/12 MB | 1.6/1.9 MB | 131/270 kB
2026.04.27 14:16:17 INFO  Progress (3): 1.1/12 MB | 1.6/1.9 MB | 131/270 kB
2026.04.27 14:16:17 INFO  Progress (3): 1.1/12 MB | 1.6/1.9 MB | 147/270 kB
2026.04.27 14:16:17 INFO  Progress (3): 1.1/12 MB | 1.6/1.9 MB | 164/270 kB
2026.04.27 14:16:17 INFO  Progress (3): 1.1/12 MB | 1.6/1.9 MB | 180/270 kB
2026.04.27 14:16:17 INFO  Progress (3): 1.1/12 MB | 1.6/1.9 MB | 197/270 kB
2026.04.27 14:16:17 INFO  Progress (3): 1.1/12 MB | 1.6/1.9 MB | 213/270 kB
2026.04.27 14:16:17 INFO  Progress (3): 1.1/12 MB | 1.6/1.9 MB | 229/270 kB
2026.04.27 14:16:17 INFO  Progress (3): 1.1/12 MB | 1.6/1.9 MB | 229/270 kB
2026.04.27 14:16:17 INFO  Progress (3): 1.1/12 MB | 1.6/1.9 MB | 229/270 kB
2026.04.27 14:16:17 INFO  Progress (3): 1.1/12 MB | 1.6/1.9 MB | 246/270 kB
2026.04.27 14:16:17 INFO  Progress (3): 1.1/12 MB | 1.6/1.9 MB | 262/270 kB
2026.04.27 14:16:17 INFO  Progress (3): 1.1/12 MB | 1.6/1.9 MB | 270 kB    
2026.04.27 14:16:17 INFO                                               
2026.04.27 14:16:17 INFO  Downloaded from central: https://repo.maven.apache.org/maven2/org/scala-sbt/zinc-persist_2.13/1.8.0/zinc-persist_2.13-1.8.0.jar (270 kB at 42 kB/s)
2026.04.27 14:16:17 INFO  Progress (2): 1.2/12 MB | 1.6/1.9 MB
2026.04.27 14:16:17 INFO  Progress (3): 1.2/12 MB | 1.6/1.9 MB | 7.7/19 kB
2026.04.27 14:16:17 INFO  Progress (3): 1.2/12 MB | 1.6/1.9 MB | 7.7/19 kB
2026.04.27 14:16:17 INFO  Progress (3): 1.2/12 MB | 1.6/1.9 MB | 19 kB    
2026.04.27 14:16:17 INFO  Progress (4): 1.2/12 MB | 1.6/1.9 MB | 19 kB | 16/108 kB
2026.04.27 14:16:17 INFO                                                          
2026.04.27 14:16:17 INFO  Downloaded from central: https://repo.maven.apache.org/maven2/org/scala-sbt/util-control_2.13/1.8.0/util-control_2.13-1.8.0.jar (19 kB at 3.0 kB/s)
2026.04.27 14:16:17 INFO  Progress (3): 1.2/12 MB | 1.6/1.9 MB | 25/108 kB
2026.04.27 14:16:17 INFO  Progress (3): 1.2/12 MB | 1.6/1.9 MB | 41/108 kB
2026.04.27 14:16:17 INFO  Progress (3): 1.2/12 MB | 1.6/1.9 MB | 41/108 kB
2026.04.27 14:16:17 INFO  Progress (3): 1.2/12 MB | 1.6/1.9 MB | 57/108 kB
2026.04.27 14:16:17 INFO  Progress (3): 1.2/12 MB | 1.6/1.9 MB | 74/108 kB
2026.04.27 14:16:17 INFO  Progress (3): 1.2/12 MB | 1.6/1.9 MB | 90/108 kB
2026.04.27 14:16:17 INFO  Progress (3): 1.2/12 MB | 1.6/1.9 MB | 106/108 kB
2026.04.27 14:16:17 INFO  Progress (3): 1.2/12 MB | 1.6/1.9 MB | 108 kB    
2026.04.27 14:16:17 INFO                                               
2026.04.27 14:16:17 INFO  Downloaded from central: https://repo.maven.apache.org/maven2/org/scala-sbt/zinc-classfile_2.13/1.8.0/zinc-classfile_2.13-1.8.0.jar (108 kB at 17 kB/s)
2026.04.27 14:16:17 INFO  Progress (2): 1.2/12 MB | 1.6/1.9 MB
2026.04.27 14:16:17 INFO  Progress (2): 1.2/12 MB | 1.6/1.9 MB
2026.04.27 14:16:17 INFO  Progress (2): 1.2/12 MB | 1.6/1.9 MB
2026.04.27 14:16:17 INFO  Progress (2): 1.2/12 MB | 1.7/1.9 MB
2026.04.27 14:16:17 INFO  Progress (2): 1.2/12 MB | 1.7/1.9 MB
2026.04.27 14:16:17 INFO  Progress (2): 1.2/12 MB | 1.7/1.9 MB
2026.04.27 14:16:17 INFO  Progress (2): 1.2/12 MB | 1.7/1.9 MB
2026.04.27 14:16:17 INFO  Progress (2): 1.2/12 MB | 1.7/1.9 MB
2026.04.27 14:16:17 INFO  Progress (2): 1.2/12 MB | 1.7/1.9 MB
2026.04.27 14:16:17 INFO  Progress (2): 1.2/12 MB | 1.8/1.9 MB
2026.04.27 14:16:17 INFO  Progress (2): 1.2/12 MB | 1.8/1.9 MB
2026.04.27 14:16:17 INFO  Progress (2): 1.2/12 MB | 1.8/1.9 MB
2026.04.27 14:16:17 INFO  Progress (2): 1.2/12 MB | 1.8/1.9 MB
2026.04.27 14:16:17 INFO  Progress (2): 1.2/12 MB | 1.8/1.9 MB
2026.04.27 14:16:17 INFO  Progress (2): 1.2/12 MB | 1.8/1.9 MB
2026.04.27 14:16:17 INFO  Progress (2): 1.2/12 MB | 1.9/1.9 MB
2026.04.27 14:16:17 INFO  Progress (2): 1.2/12 MB | 1.9 MB    
2026.04.27 14:16:17 INFO                                  
2026.04.27 14:16:17 INFO  Downloaded from central: https://repo.maven.apache.org/maven2/net/java/dev/jna/jna/5.12.0/jna-5.12.0.jar (1.9 MB at 281 kB/s)
2026.04.27 14:16:18 INFO  Progress (1): 1.2/12 MB
2026.04.27 14:16:18 INFO  Progress (1): 1.2/12 MB
2026.04.27 14:16:18 INFO  Progress (1): 1.2/12 MB
2026.04.27 14:16:18 INFO  Progress (1): 1.2/12 MB
2026.04.27 14:16:18 INFO  Progress (1): 1.3/12 MB
2026.04.27 14:16:18 INFO  Progress (1): 1.3/12 MB
2026.04.27 14:16:18 INFO  Progress (1): 1.3/12 MB
2026.04.27 14:16:18 INFO  Progress (1): 1.3/12 MB
2026.04.27 14:16:18 INFO  Progress (1): 1.3/12 MB
2026.04.27 14:16:18 INFO  Progress (1): 1.3/12 MB
2026.04.27 14:16:18 INFO  Progress (1): 1.4/12 MB
2026.04.27 14:16:18 INFO  Progress (1): 1.4/12 MB
2026.04.27 14:16:18 INFO  Progress (1): 1.4/12 MB
2026.04.27 14:16:18 INFO  Progress (1): 1.4/12 MB
2026.04.27 14:16:18 INFO  Progress (1): 1.4/12 MB
2026.04.27 14:16:18 INFO  Progress (1): 1.4/12 MB
2026.04.27 14:16:18 INFO  Progress (1): 1.5/12 MB
2026.04.27 14:16:18 INFO  Progress (1): 1.5/12 MB
2026.04.27 14:16:18 INFO  Progress (1): 1.5/12 MB
2026.04.27 14:16:18 INFO  Progress (1): 1.5/12 MB
2026.04.27 14:16:18 INFO  Progress (1): 1.5/12 MB
2026.04.27 14:16:18 INFO  Progress (1): 1.5/12 MB
2026.04.27 14:16:18 INFO  Progress (1): 1.6/12 MB
2026.04.27 14:16:18 INFO  Progress (1): 1.6/12 MB
2026.04.27 14:16:18 INFO  Progress (1): 1.6/12 MB
2026.04.27 14:16:18 INFO  Progress (1): 1.6/12 MB
2026.04.27 14:16:18 INFO  Progress (1): 1.6/12 MB
2026.04.27 14:16:18 INFO  Progress (1): 1.6/12 MB
2026.04.27 14:16:19 INFO  Progress (1): 1.6/12 MB
2026.04.27 14:16:19 INFO  Progress (1): 1.7/12 MB
2026.04.27 14:16:19 INFO  Progress (1): 1.7/12 MB
2026.04.27 14:16:19 INFO  Progress (1): 1.7/12 MB
2026.04.27 14:16:19 INFO  Progress (1): 1.7/12 MB
2026.04.27 14:16:19 INFO  Progress (1): 1.7/12 MB
2026.04.27 14:16:19 INFO  Progress (1): 1.7/12 MB
2026.04.27 14:16:19 INFO  Progress (1): 1.8/12 MB
2026.04.27 14:16:19 INFO  Progress (1): 1.8/12 MB
2026.04.27 14:16:19 INFO  Progress (1): 1.8/12 MB
2026.04.27 14:16:19 INFO  Progress (1): 1.8/12 MB
2026.04.27 14:16:19 INFO  Progress (1): 1.8/12 MB
2026.04.27 14:16:19 INFO  Progress (1): 1.8/12 MB
2026.04.27 14:16:19 INFO  Progress (1): 1.9/12 MB
2026.04.27 14:16:19 INFO  Progress (1): 1.9/12 MB
2026.04.27 14:16:19 INFO  Progress (1): 1.9/12 MB
2026.04.27 14:16:19 INFO  Progress (1): 1.9/12 MB
2026.04.27 14:16:19 INFO  Progress (1): 1.9/12 MB
2026.04.27 14:16:19 INFO  Progress (1): 1.9/12 MB
2026.04.27 14:16:20 INFO  Progress (1): 2.0/12 MB
2026.04.27 14:16:20 INFO  Progress (1): 2.0/12 MB
2026.04.27 14:16:20 INFO  Progress (1): 2.0/12 MB
2026.04.27 14:16:20 INFO  Progress (1): 2.0/12 MB
2026.04.27 14:16:20 INFO  Progress (1): 2.0/12 MB
2026.04.27 14:16:20 INFO  Progress (1): 2.0/12 MB
2026.04.27 14:16:20 INFO  Progress (1): 2.1/12 MB
2026.04.27 14:16:20 INFO  Progress (1): 2.1/12 MB
2026.04.27 14:16:20 INFO  Progress (1): 2.1/12 MB
2026.04.27 14:16:20 INFO  Progress (1): 2.1/12 MB
2026.04.27 14:16:20 INFO  Progress (1): 2.1/12 MB
2026.04.27 14:16:20 INFO  Progress (1): 2.1/12 MB
2026.04.27 14:16:20 INFO  Progress (1): 2.2/12 MB
2026.04.27 14:16:20 INFO  Progress (1): 2.2/12 MB
2026.04.27 14:16:20 INFO  Progress (1): 2.2/12 MB
2026.04.27 14:16:20 INFO  Progress (1): 2.2/12 MB
2026.04.27 14:16:20 INFO  Progress (1): 2.2/12 MB
2026.04.27 14:16:20 INFO  Progress (1): 2.2/12 MB
2026.04.27 14:16:20 INFO  Progress (1): 2.3/12 MB
2026.04.27 14:16:20 INFO  Progress (1): 2.3/12 MB
2026.04.27 14:16:20 INFO  Progress (1): 2.3/12 MB
2026.04.27 14:16:20 INFO  Progress (1): 2.3/12 MB
2026.04.27 14:16:20 INFO  Progress (1): 2.3/12 MB
2026.04.27 14:16:20 INFO  Progress (1): 2.3/12 MB
2026.04.27 14:16:20 INFO  Progress (1): 2.3/12 MB
2026.04.27 14:16:20 INFO  Progress (1): 2.4/12 MB
2026.04.27 14:16:20 INFO  Progress (1): 2.4/12 MB
2026.04.27 14:16:20 INFO  Progress (1): 2.4/12 MB
2026.04.27 14:16:20 INFO  Progress (1): 2.4/12 MB
2026.04.27 14:16:20 INFO  Progress (1): 2.4/12 MB
2026.04.27 14:16:20 INFO  Progress (1): 2.4/12 MB
2026.04.27 14:16:20 INFO  Progress (1): 2.5/12 MB
2026.04.27 14:16:20 INFO  Progress (1): 2.5/12 MB
2026.04.27 14:16:20 INFO  Progress (1): 2.5/12 MB
2026.04.27 14:16:20 INFO  Progress (1): 2.5/12 MB
2026.04.27 14:16:20 INFO  Progress (1): 2.5/12 MB
2026.04.27 14:16:20 INFO  Progress (1): 2.5/12 MB
2026.04.27 14:16:20 INFO  Progress (1): 2.6/12 MB
2026.04.27 14:16:20 INFO  Progress (1): 2.6/12 MB
2026.04.27 14:16:20 INFO  Progress (1): 2.6/12 MB
2026.04.27 14:16:21 INFO  Progress (1): 2.6/12 MB
2026.04.27 14:16:21 INFO  Progress (1): 2.6/12 MB
2026.04.27 14:16:21 INFO  Progress (1): 2.6/12 MB
2026.04.27 14:16:21 INFO  Progress (1): 2.7/12 MB
2026.04.27 14:16:21 INFO  Progress (1): 2.7/12 MB
2026.04.27 14:16:21 INFO  Progress (1): 2.7/12 MB
2026.04.27 14:16:21 INFO  Progress (1): 2.7/12 MB
2026.04.27 14:16:21 INFO  Progress (1): 2.7/12 MB
2026.04.27 14:16:21 INFO  Progress (1): 2.7/12 MB
2026.04.27 14:16:21 INFO  Progress (1): 2.8/12 MB
2026.04.27 14:16:21 INFO  Progress (1): 2.8/12 MB
2026.04.27 14:16:21 INFO  Progress (1): 2.8/12 MB
2026.04.27 14:16:21 INFO  Progress (1): 2.8/12 MB
2026.04.27 14:16:21 INFO  Progress (1): 2.8/12 MB
2026.04.27 14:16:21 INFO  Progress (1): 2.8/12 MB
2026.04.27 14:16:21 INFO  Progress (1): 2.9/12 MB
2026.04.27 14:16:21 INFO  Progress (1): 2.9/12 MB
2026.04.27 14:16:21 INFO  Progress (1): 2.9/12 MB
2026.04.27 14:16:21 INFO  Progress (1): 2.9/12 MB
2026.04.27 14:16:21 INFO  Progress (1): 2.9/12 MB
2026.04.27 14:16:21 INFO  Progress (1): 2.9/12 MB
2026.04.27 14:16:21 INFO  Progress (1): 3.0/12 MB
2026.04.27 14:16:21 INFO  Progress (1): 3.0/12 MB
2026.04.27 14:16:21 INFO  Progress (1): 3.0/12 MB
2026.04.27 14:16:21 INFO  Progress (1): 3.0/12 MB
2026.04.27 14:16:21 INFO  Progress (1): 3.0/12 MB
2026.04.27 14:16:21 INFO  Progress (1): 3.0/12 MB
2026.04.27 14:16:21 INFO  Progress (1): 3.1/12 MB
2026.04.27 14:16:21 INFO  Progress (1): 3.1/12 MB
2026.04.27 14:16:21 INFO  Progress (1): 3.1/12 MB
2026.04.27 14:16:22 INFO  Progress (1): 3.1/12 MB
2026.04.27 14:16:22 INFO  Progress (1): 3.1/12 MB
2026.04.27 14:16:22 INFO  Progress (1): 3.1/12 MB
2026.04.27 14:16:22 INFO  Progress (1): 3.2/12 MB
2026.04.27 14:16:22 INFO  Progress (1): 3.2/12 MB
2026.04.27 14:16:22 INFO  Progress (1): 3.2/12 MB
2026.04.27 14:16:22 INFO  Progress (1): 3.2/12 MB
2026.04.27 14:16:22 INFO  Progress (1): 3.2/12 MB
2026.04.27 14:16:22 INFO  Progress (1): 3.2/12 MB
2026.04.27 14:16:22 INFO  Progress (1): 3.3/12 MB
2026.04.27 14:16:22 INFO  Progress (1): 3.3/12 MB
2026.04.27 14:16:22 INFO  Progress (1): 3.3/12 MB
2026.04.27 14:16:22 INFO  Progress (1): 3.3/12 MB
2026.04.27 14:16:22 INFO  Progress (1): 3.3/12 MB
2026.04.27 14:16:22 INFO  Progress (1): 3.3/12 MB
2026.04.27 14:16:22 INFO  Progress (1): 3.3/12 MB
2026.04.27 14:16:22 INFO  Progress (1): 3.4/12 MB
2026.04.27 14:16:22 INFO  Progress (1): 3.4/12 MB
2026.04.27 14:16:22 INFO  Progress (1): 3.4/12 MB
2026.04.27 14:16:22 INFO  Progress (1): 3.4/12 MB
2026.04.27 14:16:22 INFO  Progress (1): 3.4/12 MB
2026.04.27 14:16:22 INFO  Progress (1): 3.4/12 MB
2026.04.27 14:16:22 INFO  Progress (1): 3.5/12 MB
2026.04.27 14:16:22 INFO  Progress (1): 3.5/12 MB
2026.04.27 14:16:22 INFO  Progress (1): 3.5/12 MB
2026.04.27 14:16:22 INFO  Progress (1): 3.5/12 MB
2026.04.27 14:16:22 INFO  Progress (1): 3.5/12 MB
2026.04.27 14:16:22 INFO  Progress (1): 3.5/12 MB
2026.04.27 14:16:22 INFO  Progress (1): 3.6/12 MB
2026.04.27 14:16:22 INFO  Progress (1): 3.6/12 MB
2026.04.27 14:16:22 INFO  Progress (1): 3.6/12 MB
2026.04.27 14:16:22 INFO  Progress (1): 3.6/12 MB
2026.04.27 14:16:22 INFO  Progress (1): 3.6/12 MB
2026.04.27 14:16:22 INFO  Progress (1): 3.6/12 MB
2026.04.27 14:16:22 INFO  Progress (1): 3.7/12 MB
2026.04.27 14:16:22 INFO  Progress (1): 3.7/12 MB
2026.04.27 14:16:22 INFO  Progress (1): 3.7/12 MB
2026.04.27 14:16:22 INFO  Progress (1): 3.7/12 MB
2026.04.27 14:16:22 INFO  Progress (1): 3.7/12 MB
2026.04.27 14:16:22 INFO  Progress (1): 3.7/12 MB
2026.04.27 14:16:22 INFO  Progress (1): 3.8/12 MB
2026.04.27 14:16:22 INFO  Progress (1): 3.8/12 MB
2026.04.27 14:16:22 INFO  Progress (1): 3.8/12 MB
2026.04.27 14:16:22 INFO  Progress (1): 3.8/12 MB
2026.04.27 14:16:22 INFO  Progress (1): 3.8/12 MB
2026.04.27 14:16:23 INFO  Progress (1): 3.8/12 MB
2026.04.27 14:16:23 INFO  Progress (1): 3.9/12 MB
2026.04.27 14:16:23 INFO  Progress (1): 3.9/12 MB
2026.04.27 14:16:23 INFO  Progress (1): 3.9/12 MB
2026.04.27 14:16:23 INFO  Progress (1): 3.9/12 MB
2026.04.27 14:16:23 INFO  Progress (1): 3.9/12 MB
2026.04.27 14:16:23 INFO  Progress (1): 3.9/12 MB
2026.04.27 14:16:23 INFO  Progress (1): 4.0/12 MB
2026.04.27 14:16:23 INFO  Progress (1): 4.0/12 MB
2026.04.27 14:16:23 INFO  Progress (1): 4.0/12 MB
2026.04.27 14:16:23 INFO  Progress (1): 4.0/12 MB
2026.04.27 14:16:23 INFO  Progress (1): 4.0/12 MB
2026.04.27 14:16:23 INFO  Progress (1): 4.0/12 MB
2026.04.27 14:16:23 INFO  Progress (1): 4.1/12 MB
2026.04.27 14:16:23 INFO  Progress (1): 4.1/12 MB
2026.04.27 14:16:23 INFO  Progress (1): 4.1/12 MB
2026.04.27 14:16:23 INFO  Progress (1): 4.1/12 MB
2026.04.27 14:16:23 INFO  Progress (1): 4.1/12 MB
2026.04.27 14:16:23 INFO  Progress (1): 4.1/12 MB
2026.04.27 14:16:23 INFO  Progress (1): 4.2/12 MB
2026.04.27 14:16:23 INFO  Progress (1): 4.2/12 MB
2026.04.27 14:16:23 INFO  Progress (1): 4.2/12 MB
2026.04.27 14:16:23 INFO  Progress (1): 4.2/12 MB
2026.04.27 14:16:23 INFO  Progress (1): 4.2/12 MB
2026.04.27 14:16:23 INFO  Progress (1): 4.2/12 MB
2026.04.27 14:16:23 INFO  Progress (1): 4.2/12 MB
2026.04.27 14:16:23 INFO  Progress (1): 4.3/12 MB
2026.04.27 14:16:23 INFO  Progress (1): 4.3/12 MB
2026.04.27 14:16:23 INFO  Progress (1): 4.3/12 MB
2026.04.27 14:16:23 INFO  Progress (1): 4.3/12 MB
2026.04.27 14:16:23 INFO  Progress (1): 4.3/12 MB
2026.04.27 14:16:23 INFO  Progress (1): 4.3/12 MB
2026.04.27 14:16:23 INFO  Progress (1): 4.4/12 MB
2026.04.27 14:16:23 INFO  Progress (1): 4.4/12 MB
2026.04.27 14:16:23 INFO  Progress (1): 4.4/12 MB
2026.04.27 14:16:24 INFO  Progress (1): 4.4/12 MB
2026.04.27 14:16:24 INFO  Progress (1): 4.4/12 MB
2026.04.27 14:16:24 INFO  Progress (1): 4.4/12 MB
2026.04.27 14:16:24 INFO  Progress (1): 4.5/12 MB
2026.04.27 14:16:24 INFO  Progress (1): 4.5/12 MB
2026.04.27 14:16:24 INFO  Progress (1): 4.5/12 MB
2026.04.27 14:16:24 INFO  Progress (1): 4.5/12 MB
2026.04.27 14:16:24 INFO  Progress (1): 4.5/12 MB
2026.04.27 14:16:24 INFO  Progress (1): 4.5/12 MB
2026.04.27 14:16:24 INFO  Progress (1): 4.6/12 MB
2026.04.27 14:16:24 INFO  Progress (1): 4.6/12 MB
2026.04.27 14:16:24 INFO  Progress (1): 4.6/12 MB
2026.04.27 14:16:24 INFO  Progress (1): 4.6/12 MB
2026.04.27 14:16:24 INFO  Progress (1): 4.6/12 MB
2026.04.27 14:16:24 INFO  Progress (1): 4.6/12 MB
2026.04.27 14:16:24 INFO  Progress (1): 4.7/12 MB
2026.04.27 14:16:24 INFO  Progress (1): 4.7/12 MB
2026.04.27 14:16:24 INFO  Progress (1): 4.7/12 MB
2026.04.27 14:16:24 INFO  Progress (1): 4.7/12 MB
2026.04.27 14:16:24 INFO  Progress (1): 4.7/12 MB
2026.04.27 14:16:24 INFO  Progress (1): 4.7/12 MB
2026.04.27 14:16:24 INFO  Progress (1): 4.8/12 MB
2026.04.27 14:16:24 INFO  Progress (1): 4.8/12 MB
2026.04.27 14:16:24 INFO  Progress (1): 4.8/12 MB
2026.04.27 14:16:24 INFO  Progress (1): 4.8/12 MB
2026.04.27 14:16:24 INFO  Progress (1): 4.8/12 MB
2026.04.27 14:16:24 INFO  Progress (1): 4.8/12 MB
2026.04.27 14:16:24 INFO  Progress (1): 4.9/12 MB
2026.04.27 14:16:24 INFO  Progress (1): 4.9/12 MB
2026.04.27 14:16:24 INFO  Progress (1): 4.9/12 MB
2026.04.27 14:16:24 INFO  Progress (1): 4.9/12 MB
2026.04.27 14:16:24 INFO  Progress (1): 4.9/12 MB
2026.04.27 14:16:24 INFO  Progress (1): 4.9/12 MB
2026.04.27 14:16:24 INFO  Progress (1): 5.0/12 MB
2026.04.27 14:16:24 INFO  Progress (1): 5.0/12 MB
2026.04.27 14:16:24 INFO  Progress (1): 5.0/12 MB
2026.04.27 14:16:24 INFO  Progress (1): 5.0/12 MB
2026.04.27 14:16:24 INFO  Progress (1): 5.0/12 MB
2026.04.27 14:16:24 INFO  Progress (1): 5.0/12 MB
2026.04.27 14:16:24 INFO  Progress (1): 5.1/12 MB
2026.04.27 14:16:24 INFO  Progress (1): 5.1/12 MB
2026.04.27 14:16:24 INFO  Progress (1): 5.1/12 MB
2026.04.27 14:16:24 INFO  Progress (1): 5.1/12 MB
2026.04.27 14:16:24 INFO  Progress (1): 5.1/12 MB
2026.04.27 14:16:24 INFO  Progress (1): 5.1/12 MB
2026.04.27 14:16:24 INFO  Progress (1): 5.2/12 MB
2026.04.27 14:16:24 INFO  Progress (1): 5.2/12 MB
2026.04.27 14:16:24 INFO  Progress (1): 5.2/12 MB
2026.04.27 14:16:24 INFO  Progress (1): 5.2/12 MB
2026.04.27 14:16:24 INFO  Progress (1): 5.2/12 MB
2026.04.27 14:16:25 INFO  Progress (1): 5.2/12 MB
2026.04.27 14:16:25 INFO  Progress (1): 5.2/12 MB
2026.04.27 14:16:25 INFO  Progress (1): 5.3/12 MB
2026.04.27 14:16:25 INFO  Progress (1): 5.3/12 MB
2026.04.27 14:16:25 INFO  Progress (1): 5.3/12 MB
2026.04.27 14:16:25 INFO  Progress (1): 5.3/12 MB
2026.04.27 14:16:25 INFO  Progress (1): 5.3/12 MB
2026.04.27 14:16:25 INFO  Progress (1): 5.3/12 MB
2026.04.27 14:16:25 INFO  Progress (1): 5.4/12 MB
2026.04.27 14:16:25 INFO  Progress (1): 5.4/12 MB
2026.04.27 14:16:25 INFO  Progress (1): 5.4/12 MB
2026.04.27 14:16:25 INFO  Progress (1): 5.4/12 MB
2026.04.27 14:16:25 INFO  Progress (1): 5.4/12 MB
2026.04.27 14:16:25 INFO  Progress (1): 5.4/12 MB
2026.04.27 14:16:25 INFO  Progress (1): 5.5/12 MB
2026.04.27 14:16:25 INFO  Progress (1): 5.5/12 MB
2026.04.27 14:16:25 INFO  Progress (1): 5.5/12 MB
2026.04.27 14:16:25 INFO  Progress (1): 5.5/12 MB
2026.04.27 14:16:25 INFO  Progress (1): 5.5/12 MB
2026.04.27 14:16:25 INFO  Progress (1): 5.5/12 MB
2026.04.27 14:16:25 INFO  Progress (1): 5.6/12 MB
2026.04.27 14:16:25 INFO  Progress (1): 5.6/12 MB
2026.04.27 14:16:25 INFO  Progress (1): 5.6/12 MB
2026.04.27 14:16:25 INFO  Progress (1): 5.6/12 MB
2026.04.27 14:16:25 INFO  Progress (1): 5.6/12 MB
2026.04.27 14:16:25 INFO  Progress (1): 5.6/12 MB
2026.04.27 14:16:25 INFO  Progress (1): 5.7/12 MB
2026.04.27 14:16:25 INFO  Progress (1): 5.7/12 MB
2026.04.27 14:16:25 INFO  Progress (1): 5.7/12 MB
2026.04.27 14:16:25 INFO  Progress (1): 5.7/12 MB
2026.04.27 14:16:25 INFO  Progress (1): 5.7/12 MB
2026.04.27 14:16:25 INFO  Progress (1): 5.7/12 MB
2026.04.27 14:16:25 INFO  Progress (1): 5.8/12 MB
2026.04.27 14:16:25 INFO  Progress (1): 5.8/12 MB
2026.04.27 14:16:25 INFO  Progress (1): 5.8/12 MB
2026.04.27 14:16:26 INFO  Progress (1): 5.8/12 MB
2026.04.27 14:16:26 INFO  Progress (1): 5.8/12 MB
2026.04.27 14:16:26 INFO  Progress (1): 5.8/12 MB
2026.04.27 14:16:26 INFO  Progress (1): 5.9/12 MB
2026.04.27 14:16:26 INFO  Progress (1): 5.9/12 MB
2026.04.27 14:16:26 INFO  Progress (1): 5.9/12 MB
2026.04.27 14:16:26 INFO  Progress (1): 5.9/12 MB
2026.04.27 14:16:26 INFO  Progress (1): 5.9/12 MB
2026.04.27 14:16:26 INFO  Progress (1): 5.9/12 MB
2026.04.27 14:16:26 INFO  Progress (1): 6.0/12 MB
2026.04.27 14:16:26 INFO  Progress (1): 6.0/12 MB
2026.04.27 14:16:26 INFO  Progress (1): 6.0/12 MB
2026.04.27 14:16:26 INFO  Progress (1): 6.0/12 MB
2026.04.27 14:16:26 INFO  Progress (1): 6.0/12 MB
2026.04.27 14:16:26 INFO  Progress (1): 6.0/12 MB
2026.04.27 14:16:26 INFO  Progress (1): 6.1/12 MB
2026.04.27 14:16:26 INFO  Progress (1): 6.1/12 MB
2026.04.27 14:16:26 INFO  Progress (1): 6.1/12 MB
2026.04.27 14:16:26 INFO  Progress (1): 6.1/12 MB
2026.04.27 14:16:26 INFO  Progress (1): 6.1/12 MB
2026.04.27 14:16:26 INFO  Progress (1): 6.1/12 MB
2026.04.27 14:16:26 INFO  Progress (1): 6.2/12 MB
2026.04.27 14:16:26 INFO  Progress (1): 6.2/12 MB
2026.04.27 14:16:26 INFO  Progress (1): 6.2/12 MB
2026.04.27 14:16:26 INFO  Progress (1): 6.2/12 MB
2026.04.27 14:16:26 INFO  Progress (1): 6.2/12 MB
2026.04.27 14:16:26 INFO  Progress (1): 6.2/12 MB
2026.04.27 14:16:26 INFO  Progress (1): 6.2/12 MB
2026.04.27 14:16:26 INFO  Progress (1): 6.3/12 MB
2026.04.27 14:16:26 INFO  Progress (1): 6.3/12 MB
2026.04.27 14:16:26 INFO  Progress (1): 6.3/12 MB
2026.04.27 14:16:26 INFO  Progress (1): 6.3/12 MB
2026.04.27 14:16:26 INFO  Progress (1): 6.3/12 MB
2026.04.27 14:16:26 INFO  Progress (1): 6.3/12 MB
2026.04.27 14:16:26 INFO  Progress (1): 6.4/12 MB
2026.04.27 14:16:26 INFO  Progress (1): 6.4/12 MB
2026.04.27 14:16:26 INFO  Progress (1): 6.4/12 MB
2026.04.27 14:16:26 INFO  Progress (1): 6.4/12 MB
2026.04.27 14:16:26 INFO  Progress (1): 6.4/12 MB
2026.04.27 14:16:26 INFO  Progress (1): 6.4/12 MB
2026.04.27 14:16:26 INFO  Progress (1): 6.5/12 MB
2026.04.27 14:16:26 INFO  Progress (1): 6.5/12 MB
2026.04.27 14:16:26 INFO  Progress (1): 6.5/12 MB
2026.04.27 14:16:26 INFO  Progress (1): 6.5/12 MB
2026.04.27 14:16:26 INFO  Progress (1): 6.5/12 MB
2026.04.27 14:16:26 INFO  Progress (1): 6.5/12 MB
2026.04.27 14:16:26 INFO  Progress (1): 6.6/12 MB
2026.04.27 14:16:26 INFO  Progress (1): 6.6/12 MB
2026.04.27 14:16:26 INFO  Progress (1): 6.6/12 MB
2026.04.27 14:16:26 INFO  Progress (1): 6.6/12 MB
2026.04.27 14:16:26 INFO  Progress (1): 6.6/12 MB
2026.04.27 14:16:26 INFO  Progress (1): 6.6/12 MB
2026.04.27 14:16:26 INFO  Progress (1): 6.7/12 MB
2026.04.27 14:16:26 INFO  Progress (1): 6.7/12 MB
2026.04.27 14:16:26 INFO  Progress (1): 6.7/12 MB
2026.04.27 14:16:26 INFO  Progress (1): 6.7/12 MB
2026.04.27 14:16:26 INFO  Progress (1): 6.7/12 MB
2026.04.27 14:16:26 INFO  Progress (1): 6.7/12 MB
2026.04.27 14:16:26 INFO  Progress (1): 6.8/12 MB
2026.04.27 14:16:26 INFO  Progress (1): 6.8/12 MB
2026.04.27 14:16:26 INFO  Progress (1): 6.8/12 MB
2026.04.27 14:16:27 INFO  Progress (1): 6.8/12 MB
2026.04.27 14:16:27 INFO  Progress (1): 6.8/12 MB
2026.04.27 14:16:27 INFO  Progress (1): 6.8/12 MB
2026.04.27 14:16:27 INFO  Progress (1): 6.9/12 MB
2026.04.27 14:16:27 INFO  Progress (1): 6.9/12 MB
2026.04.27 14:16:27 INFO  Progress (1): 6.9/12 MB
2026.04.27 14:16:27 INFO  Progress (1): 6.9/12 MB
2026.04.27 14:16:27 INFO  Progress (1): 6.9/12 MB
2026.04.27 14:16:27 INFO  Progress (1): 6.9/12 MB
2026.04.27 14:16:27 INFO  Progress (1): 7.0/12 MB
2026.04.27 14:16:27 INFO  Progress (1): 7.0/12 MB
2026.04.27 14:16:27 INFO  Progress (1): 7.0/12 MB
2026.04.27 14:16:27 INFO  Progress (1): 7.0/12 MB
2026.04.27 14:16:27 INFO  Progress (1): 7.0/12 MB
2026.04.27 14:16:27 INFO  Progress (1): 7.0/12 MB
2026.04.27 14:16:27 INFO  Progress (1): 7.1/12 MB
2026.04.27 14:16:27 INFO  Progress (1): 7.1/12 MB
2026.04.27 14:16:27 INFO  Progress (1): 7.1/12 MB
2026.04.27 14:16:27 INFO  Progress (1): 7.1/12 MB
2026.04.27 14:16:27 INFO  Progress (1): 7.1/12 MB
2026.04.27 14:16:27 INFO  Progress (1): 7.1/12 MB
2026.04.27 14:16:27 INFO  Progress (1): 7.1/12 MB
2026.04.27 14:16:27 INFO  Progress (1): 7.2/12 MB
2026.04.27 14:16:27 INFO  Progress (1): 7.2/12 MB
2026.04.27 14:16:27 INFO  Progress (1): 7.2/12 MB
2026.04.27 14:16:27 INFO  Progress (1): 7.2/12 MB
2026.04.27 14:16:27 INFO  Progress (1): 7.2/12 MB
2026.04.27 14:16:27 INFO  Progress (1): 7.2/12 MB
2026.04.27 14:16:27 INFO  Progress (1): 7.3/12 MB
2026.04.27 14:16:27 INFO  Progress (1): 7.3/12 MB
2026.04.27 14:16:27 INFO  Progress (1): 7.3/12 MB
2026.04.27 14:16:27 INFO  Progress (1): 7.3/12 MB
2026.04.27 14:16:27 INFO  Progress (1): 7.3/12 MB
2026.04.27 14:16:27 INFO  Progress (1): 7.3/12 MB
2026.04.27 14:16:27 INFO  Progress (1): 7.4/12 MB
2026.04.27 14:16:27 INFO  Progress (1): 7.4/12 MB
2026.04.27 14:16:27 INFO  Progress (1): 7.4/12 MB
2026.04.27 14:16:27 INFO  Progress (1): 7.4/12 MB
2026.04.27 14:16:27 INFO  Progress (1): 7.4/12 MB
2026.04.27 14:16:27 INFO  Progress (1): 7.4/12 MB
2026.04.27 14:16:27 INFO  Progress (1): 7.5/12 MB
2026.04.27 14:16:27 INFO  Progress (1): 7.5/12 MB
2026.04.27 14:16:27 INFO  Progress (1): 7.5/12 MB
2026.04.27 14:16:27 INFO  Progress (1): 7.5/12 MB
2026.04.27 14:16:28 INFO  Progress (1): 7.5/12 MB
2026.04.27 14:16:28 INFO  Progress (1): 7.5/12 MB
2026.04.27 14:16:28 INFO  Progress (1): 7.6/12 MB
2026.04.27 14:16:28 INFO  Progress (1): 7.6/12 MB
2026.04.27 14:16:28 INFO  Progress (1): 7.6/12 MB
2026.04.27 14:16:28 INFO  Progress (1): 7.6/12 MB
2026.04.27 14:16:28 INFO  Progress (1): 7.6/12 MB
2026.04.27 14:16:28 INFO  Progress (1): 7.6/12 MB
2026.04.27 14:16:28 INFO  Progress (1): 7.7/12 MB
2026.04.27 14:16:28 INFO  Progress (1): 7.7/12 MB
2026.04.27 14:16:28 INFO  Progress (1): 7.7/12 MB
2026.04.27 14:16:28 INFO  Progress (1): 7.7/12 MB
2026.04.27 14:16:28 INFO  Progress (1): 7.7/12 MB
2026.04.27 14:16:28 INFO  Progress (1): 7.7/12 MB
2026.04.27 14:16:28 INFO  Progress (1): 7.8/12 MB
2026.04.27 14:16:28 INFO  Progress (1): 7.8/12 MB
2026.04.27 14:16:28 INFO  Progress (1): 7.8/12 MB
2026.04.27 14:16:28 INFO  Progress (1): 7.8/12 MB
2026.04.27 14:16:28 INFO  Progress (1): 7.8/12 MB
2026.04.27 14:16:28 INFO  Progress (1): 7.8/12 MB
2026.04.27 14:16:28 INFO  Progress (1): 7.9/12 MB
2026.04.27 14:16:28 INFO  Progress (1): 7.9/12 MB
2026.04.27 14:16:28 INFO  Progress (1): 7.9/12 MB
2026.04.27 14:16:28 INFO  Progress (1): 7.9/12 MB
2026.04.27 14:16:28 INFO  Progress (1): 7.9/12 MB
2026.04.27 14:16:28 INFO  Progress (1): 7.9/12 MB
2026.04.27 14:16:28 INFO  Progress (1): 8.0/12 MB
2026.04.27 14:16:28 INFO  Progress (1): 8.0/12 MB
2026.04.27 14:16:28 INFO  Progress (1): 8.0/12 MB
2026.04.27 14:16:28 INFO  Progress (1): 8.0/12 MB
2026.04.27 14:16:28 INFO  Progress (1): 8.0/12 MB
2026.04.27 14:16:28 INFO  Progress (1): 8.0/12 MB
2026.04.27 14:16:28 INFO  Progress (1): 8.1/12 MB
2026.04.27 14:16:28 INFO  Progress (1): 8.1/12 MB
2026.04.27 14:16:28 INFO  Progress (1): 8.1/12 MB
2026.04.27 14:16:28 INFO  Progress (1): 8.1/12 MB
2026.04.27 14:16:28 INFO  Progress (1): 8.1/12 MB
2026.04.27 14:16:28 INFO  Progress (1): 8.1/12 MB
2026.04.27 14:16:28 INFO  Progress (1): 8.1/12 MB
2026.04.27 14:16:28 INFO  Progress (1): 8.2/12 MB
2026.04.27 14:16:28 INFO  Progress (1): 8.2/12 MB
2026.04.27 14:16:28 INFO  Progress (1): 8.2/12 MB
2026.04.27 14:16:28 INFO  Progress (1): 8.2/12 MB
2026.04.27 14:16:28 INFO  Progress (1): 8.2/12 MB
2026.04.27 14:16:28 INFO  Progress (1): 8.2/12 MB
2026.04.27 14:16:28 INFO  Progress (1): 8.3/12 MB
2026.04.27 14:16:28 INFO  Progress (1): 8.3/12 MB
2026.04.27 14:16:28 INFO  Progress (1): 8.3/12 MB
2026.04.27 14:16:28 INFO  Progress (1): 8.3/12 MB
2026.04.27 14:16:28 INFO  Progress (1): 8.3/12 MB
2026.04.27 14:16:28 INFO  Progress (1): 8.3/12 MB
2026.04.27 14:16:28 INFO  Progress (1): 8.4/12 MB
2026.04.27 14:16:28 INFO  Progress (1): 8.4/12 MB
2026.04.27 14:16:28 INFO  Progress (1): 8.4/12 MB
2026.04.27 14:16:28 INFO  Progress (1): 8.4/12 MB
2026.04.27 14:16:28 INFO  Progress (1): 8.4/12 MB
2026.04.27 14:16:28 INFO  Progress (1): 8.4/12 MB
2026.04.27 14:16:28 INFO  Progress (1): 8.5/12 MB
2026.04.27 14:16:28 INFO  Progress (1): 8.5/12 MB
2026.04.27 14:16:28 INFO  Progress (1): 8.5/12 MB
2026.04.27 14:16:28 INFO  Progress (1): 8.5/12 MB
2026.04.27 14:16:28 INFO  Progress (1): 8.5/12 MB
2026.04.27 14:16:28 INFO  Progress (1): 8.5/12 MB
2026.04.27 14:16:28 INFO  Progress (1): 8.6/12 MB
2026.04.27 14:16:28 INFO  Progress (1): 8.6/12 MB
2026.04.27 14:16:28 INFO  Progress (1): 8.6/12 MB
2026.04.27 14:16:28 INFO  Progress (1): 8.6/12 MB
2026.04.27 14:16:28 INFO  Progress (1): 8.6/12 MB
2026.04.27 14:16:28 INFO  Progress (1): 8.6/12 MB
2026.04.27 14:16:29 INFO  Progress (1): 8.6/12 MB
2026.04.27 14:16:29 INFO  Progress (1): 8.7/12 MB
2026.04.27 14:16:29 INFO  Progress (1): 8.7/12 MB
2026.04.27 14:16:29 INFO  Progress (1): 8.7/12 MB
2026.04.27 14:16:29 INFO  Progress (1): 8.7/12 MB
2026.04.27 14:16:29 INFO  Progress (1): 8.7/12 MB
2026.04.27 14:16:29 INFO  Progress (1): 8.7/12 MB
2026.04.27 14:16:29 INFO  Progress (1): 8.8/12 MB
2026.04.27 14:16:29 INFO  Progress (1): 8.8/12 MB
2026.04.27 14:16:29 INFO  Progress (1): 8.8/12 MB
2026.04.27 14:16:29 INFO  Progress (1): 8.8/12 MB
2026.04.27 14:16:29 INFO  Progress (1): 8.8/12 MB
2026.04.27 14:16:29 INFO  Progress (1): 8.8/12 MB
2026.04.27 14:16:29 INFO  Progress (1): 8.9/12 MB
2026.04.27 14:16:29 INFO  Progress (1): 8.9/12 MB
2026.04.27 14:16:29 INFO  Progress (1): 8.9/12 MB
2026.04.27 14:16:29 INFO  Progress (1): 8.9/12 MB
2026.04.27 14:16:29 INFO  Progress (1): 8.9/12 MB
2026.04.27 14:16:29 INFO  Progress (1): 8.9/12 MB
2026.04.27 14:16:29 INFO  Progress (1): 9.0/12 MB
2026.04.27 14:16:29 INFO  Progress (1): 9.0/12 MB
2026.04.27 14:16:29 INFO  Progress (1): 9.0/12 MB
2026.04.27 14:16:29 INFO  Progress (1): 9.0/12 MB
2026.04.27 14:16:29 INFO  Progress (1): 9.0/12 MB
2026.04.27 14:16:29 INFO  Progress (1): 9.0/12 MB
2026.04.27 14:16:29 INFO  Progress (1): 9.1/12 MB
2026.04.27 14:16:31 INFO  Progress (1): 9.1/12 MB
2026.04.27 14:16:31 INFO  Progress (1): 9.1/12 MB
2026.04.27 14:16:31 INFO  Progress (1): 9.1/12 MB
2026.04.27 14:16:31 INFO  Progress (1): 9.1/12 MB
2026.04.27 14:16:31 INFO  Progress (1): 9.1/12 MB
2026.04.27 14:16:31 INFO  Progress (1): 9.2/12 MB
2026.04.27 14:16:31 INFO  Progress (1): 9.2/12 MB
2026.04.27 14:16:31 INFO  Progress (1): 9.2/12 MB
2026.04.27 14:16:31 INFO  Progress (1): 9.2/12 MB
2026.04.27 14:16:31 INFO  Progress (1): 9.2/12 MB
2026.04.27 14:16:31 INFO  Progress (1): 9.2/12 MB
2026.04.27 14:16:31 INFO  Progress (1): 9.3/12 MB
2026.04.27 14:16:31 INFO  Progress (1): 9.3/12 MB
2026.04.27 14:16:31 INFO  Progress (1): 9.3/12 MB
2026.04.27 14:16:31 INFO  Progress (1): 9.3/12 MB
2026.04.27 14:16:31 INFO  Progress (1): 9.3/12 MB
2026.04.27 14:16:31 INFO  Progress (1): 9.3/12 MB
2026.04.27 14:16:31 INFO  Progress (1): 9.4/12 MB
2026.04.27 14:16:31 INFO  Progress (1): 9.4/12 MB
2026.04.27 14:16:31 INFO  Progress (1): 9.4/12 MB
2026.04.27 14:16:31 INFO  Progress (1): 9.4/12 MB
2026.04.27 14:16:31 INFO  Progress (1): 9.4/12 MB
2026.04.27 14:16:31 INFO  Progress (1): 9.4/12 MB
2026.04.27 14:16:31 INFO  Progress (1): 9.4/12 MB
2026.04.27 14:16:31 INFO  Progress (1): 9.5/12 MB
2026.04.27 14:16:31 INFO  Progress (1): 9.5/12 MB
2026.04.27 14:16:31 INFO  Progress (1): 9.5/12 MB
2026.04.27 14:16:31 INFO  Progress (1): 9.5/12 MB
2026.04.27 14:16:31 INFO  Progress (1): 9.5/12 MB
2026.04.27 14:16:31 INFO  Progress (1): 9.5/12 MB
2026.04.27 14:16:31 INFO  Progress (1): 9.6/12 MB
2026.04.27 14:16:31 INFO  Progress (1): 9.6/12 MB
2026.04.27 14:16:31 INFO  Progress (1): 9.6/12 MB
2026.04.27 14:16:31 INFO  Progress (1): 9.6/12 MB
2026.04.27 14:16:31 INFO  Progress (1): 9.6/12 MB
2026.04.27 14:16:31 INFO  Progress (1): 9.6/12 MB
2026.04.27 14:16:31 INFO  Progress (1): 9.7/12 MB
2026.04.27 14:16:31 INFO  Progress (1): 9.7/12 MB
2026.04.27 14:16:31 INFO  Progress (1): 9.7/12 MB
2026.04.27 14:16:31 INFO  Progress (1): 9.7/12 MB
2026.04.27 14:16:31 INFO  Progress (1): 9.7/12 MB
2026.04.27 14:16:31 INFO  Progress (1): 9.7/12 MB
2026.04.27 14:16:31 INFO  Progress (1): 9.8/12 MB
2026.04.27 14:16:31 INFO  Progress (1): 9.8/12 MB
2026.04.27 14:16:31 INFO  Progress (1): 9.8/12 MB
2026.04.27 14:16:31 INFO  Progress (1): 9.8/12 MB
2026.04.27 14:16:31 INFO  Progress (1): 9.8/12 MB
2026.04.27 14:16:31 INFO  Progress (1): 9.8/12 MB
2026.04.27 14:16:31 INFO  Progress (1): 9.9/12 MB
2026.04.27 14:16:31 INFO  Progress (1): 9.9/12 MB
2026.04.27 14:16:31 INFO  Progress (1): 9.9/12 MB
2026.04.27 14:16:31 INFO  Progress (1): 9.9/12 MB
2026.04.27 14:16:31 INFO  Progress (1): 9.9/12 MB
2026.04.27 14:16:31 INFO  Progress (1): 9.9/12 MB
2026.04.27 14:16:31 INFO  Progress (1): 10.0/12 MB
2026.04.27 14:16:31 INFO  Progress (1): 10.0/12 MB
2026.04.27 14:16:31 INFO  Progress (1): 10.0/12 MB
2026.04.27 14:16:31 INFO  Progress (1): 10/12 MB  
2026.04.27 14:16:31 INFO  Progress (1): 10/12 MB
2026.04.27 14:16:31 INFO  Progress (1): 10/12 MB
2026.04.27 14:16:31 INFO  Progress (1): 10/12 MB
2026.04.27 14:16:31 INFO  Progress (1): 10/12 MB
2026.04.27 14:16:31 INFO  Progress (1): 10/12 MB
2026.04.27 14:16:31 INFO  Progress (1): 10/12 MB
2026.04.27 14:16:31 INFO  Progress (1): 10/12 MB
2026.04.27 14:16:31 INFO  Progress (1): 10/12 MB
2026.04.27 14:16:31 INFO  Progress (1): 10/12 MB
2026.04.27 14:16:31 INFO  Progress (1): 10/12 MB
2026.04.27 14:16:31 INFO  Progress (1): 10/12 MB
2026.04.27 14:16:31 INFO  Progress (1): 10/12 MB
2026.04.27 14:16:31 INFO  Progress (1): 10/12 MB
2026.04.27 14:16:31 INFO  Progress (1): 10/12 MB
2026.04.27 14:16:31 INFO  Progress (1): 10/12 MB
2026.04.27 14:16:31 INFO  Progress (1): 10/12 MB
2026.04.27 14:16:32 INFO  Progress (1): 10/12 MB
2026.04.27 14:16:32 INFO  Progress (1): 10/12 MB
2026.04.27 14:16:32 INFO  Progress (1): 10/12 MB
2026.04.27 14:16:32 INFO  Progress (1): 10/12 MB
2026.04.27 14:16:32 INFO  Progress (1): 10/12 MB
2026.04.27 14:16:32 INFO  Progress (1): 10/12 MB
2026.04.27 14:16:32 INFO  Progress (1): 10/12 MB
2026.04.27 14:16:32 INFO  Progress (1): 10/12 MB
2026.04.27 14:16:32 INFO  Progress (1): 10/12 MB
2026.04.27 14:16:32 INFO  Progress (1): 10/12 MB
2026.04.27 14:16:32 INFO  Progress (1): 10/12 MB
2026.04.27 14:16:32 INFO  Progress (1): 10/12 MB
2026.04.27 14:16:32 INFO  Progress (1): 10/12 MB
2026.04.27 14:16:32 INFO  Progress (1): 10/12 MB
2026.04.27 14:16:32 INFO  Progress (1): 11/12 MB
2026.04.27 14:16:32 INFO  Progress (1): 11/12 MB
2026.04.27 14:16:32 INFO  Progress (1): 11/12 MB
2026.04.27 14:16:32 INFO  Progress (1): 11/12 MB
2026.04.27 14:16:32 INFO  Progress (1): 11/12 MB
2026.04.27 14:16:32 INFO  Progress (1): 11/12 MB
2026.04.27 14:16:32 INFO  Progress (1): 11/12 MB
2026.04.27 14:16:32 INFO  Progress (1): 11/12 MB
2026.04.27 14:16:32 INFO  Progress (1): 11/12 MB
2026.04.27 14:16:32 INFO  Progress (1): 11/12 MB
2026.04.27 14:16:32 INFO  Progress (1): 11/12 MB
2026.04.27 14:16:32 INFO  Progress (1): 11/12 MB
2026.04.27 14:16:32 INFO  Progress (1): 11/12 MB
2026.04.27 14:16:32 INFO  Progress (1): 11/12 MB
2026.04.27 14:16:32 INFO  Progress (1): 11/12 MB
2026.04.27 14:16:32 INFO  Progress (1): 11/12 MB
2026.04.27 14:16:32 INFO  Progress (1): 11/12 MB
2026.04.27 14:16:32 INFO  Progress (1): 11/12 MB
2026.04.27 14:16:32 INFO  Progress (1): 11/12 MB
2026.04.27 14:16:32 INFO  Progress (1): 11/12 MB
2026.04.27 14:16:32 INFO  Progress (1): 11/12 MB
2026.04.27 14:16:32 INFO  Progress (1): 11/12 MB
2026.04.27 14:16:32 INFO  Progress (1): 11/12 MB
2026.04.27 14:16:32 INFO  Progress (1): 11/12 MB
2026.04.27 14:16:32 INFO  Progress (1): 11/12 MB
2026.04.27 14:16:32 INFO  Progress (1): 11/12 MB
2026.04.27 14:16:32 INFO  Progress (1): 11/12 MB
2026.04.27 14:16:32 INFO  Progress (1): 11/12 MB
2026.04.27 14:16:32 INFO  Progress (1): 11/12 MB
2026.04.27 14:16:32 INFO  Progress (1): 11/12 MB
2026.04.27 14:16:32 INFO  Progress (1): 11/12 MB
2026.04.27 14:16:32 INFO  Progress (1): 11/12 MB
2026.04.27 14:16:32 INFO  Progress (1): 11/12 MB
2026.04.27 14:16:32 INFO  Progress (1): 11/12 MB
2026.04.27 14:16:32 INFO  Progress (1): 11/12 MB
2026.04.27 14:16:32 INFO  Progress (1): 11/12 MB
2026.04.27 14:16:32 INFO  Progress (1): 11/12 MB
2026.04.27 14:16:32 INFO  Progress (1): 11/12 MB
2026.04.27 14:16:32 INFO  Progress (1): 11/12 MB
2026.04.27 14:16:32 INFO  Progress (1): 11/12 MB
2026.04.27 14:16:32 INFO  Progress (1): 11/12 MB
2026.04.27 14:16:33 INFO  Progress (1): 11/12 MB
2026.04.27 14:16:33 INFO  Progress (1): 11/12 MB
2026.04.27 14:16:33 INFO  Progress (1): 11/12 MB
2026.04.27 14:16:33 INFO  Progress (1): 11/12 MB
2026.04.27 14:16:33 INFO  Progress (1): 11/12 MB
2026.04.27 14:16:33 INFO  Progress (1): 11/12 MB
2026.04.27 14:16:33 INFO  Progress (1): 11/12 MB
2026.04.27 14:16:33 INFO  Progress (1): 11/12 MB
2026.04.27 14:16:33 INFO  Progress (1): 11/12 MB
2026.04.27 14:16:33 INFO  Progress (1): 11/12 MB
2026.04.27 14:16:33 INFO  Progress (1): 11/12 MB
2026.04.27 14:16:33 INFO  Progress (1): 11/12 MB
2026.04.27 14:16:33 INFO  Progress (1): 11/12 MB
2026.04.27 14:16:33 INFO  Progress (1): 11/12 MB
2026.04.27 14:16:33 INFO  Progress (1): 11/12 MB
2026.04.27 14:16:33 INFO  Progress (1): 11/12 MB
2026.04.27 14:16:33 INFO  Progress (1): 11/12 MB
2026.04.27 14:16:33 INFO  Progress (1): 11/12 MB
2026.04.27 14:16:33 INFO  Progress (1): 11/12 MB
2026.04.27 14:16:33 INFO  Progress (1): 11/12 MB
2026.04.27 14:16:33 INFO  Progress (1): 12/12 MB
2026.04.27 14:16:33 INFO  Progress (1): 12/12 MB
2026.04.27 14:16:33 INFO  Progress (1): 12/12 MB
2026.04.27 14:16:33 INFO  Progress (1): 12/12 MB
2026.04.27 14:16:33 INFO  Progress (1): 12/12 MB
2026.04.27 14:16:33 INFO  Progress (1): 12/12 MB
2026.04.27 14:16:33 INFO  Progress (1): 12/12 MB
2026.04.27 14:16:33 INFO  Progress (1): 12/12 MB
2026.04.27 14:16:33 INFO  Progress (1): 12/12 MB
2026.04.27 14:16:33 INFO  Progress (1): 12/12 MB
2026.04.27 14:16:33 INFO  Progress (1): 12/12 MB
2026.04.27 14:16:33 INFO  Progress (1): 12/12 MB
2026.04.27 14:16:33 INFO  Progress (1): 12/12 MB
2026.04.27 14:16:33 INFO  Progress (1): 12/12 MB
2026.04.27 14:16:33 INFO  Progress (1): 12/12 MB
2026.04.27 14:16:33 INFO  Progress (1): 12/12 MB
2026.04.27 14:16:33 INFO  Progress (1): 12/12 MB
2026.04.27 14:16:33 INFO  Progress (1): 12/12 MB
2026.04.27 14:16:33 INFO  Progress (1): 12/12 MB
2026.04.27 14:16:33 INFO  Progress (1): 12/12 MB
2026.04.27 14:16:33 INFO  Progress (1): 12/12 MB
2026.04.27 14:16:33 INFO  Progress (1): 12/12 MB
2026.04.27 14:16:33 INFO  Progress (1): 12/12 MB
2026.04.27 14:16:33 INFO  Progress (1): 12/12 MB
2026.04.27 14:16:33 INFO  Progress (1): 12/12 MB
2026.04.27 14:16:33 INFO  Progress (1): 12/12 MB
2026.04.27 14:16:33 INFO  Progress (1): 12/12 MB
2026.04.27 14:16:33 INFO  Progress (1): 12/12 MB
2026.04.27 14:16:33 INFO  Progress (1): 12/12 MB
2026.04.27 14:16:33 INFO  Progress (1): 12/12 MB
2026.04.27 14:16:33 INFO  Progress (1): 12/12 MB
2026.04.27 14:16:33 INFO  Progress (1): 12/12 MB
2026.04.27 14:16:33 INFO  Progress (1): 12/12 MB
2026.04.27 14:16:33 INFO  Progress (1): 12/12 MB
2026.04.27 14:16:33 INFO  Progress (1): 12/12 MB
2026.04.27 14:16:33 INFO  Progress (1): 12/12 MB
2026.04.27 14:16:33 INFO  Progress (1): 12/12 MB
2026.04.27 14:16:33 INFO  Progress (1): 12 MB   
2026.04.27 14:16:33 INFO                     
2026.04.27 14:16:33 INFO  Downloaded from central: https://repo.maven.apache.org/maven2/org/scala-lang/scala-compiler/2.13.8/scala-compiler-2.13.8.jar (12 MB at 542 kB/s)
2026.04.27 14:16:34 INFO  Downloading from central: https://repo.maven.apache.org/maven2/org/jline/jline/3.21.0/jline-3.21.0.pom
2026.04.27 14:16:34 INFO  Progress (1): 1.0 kB
2026.04.27 14:16:34 INFO  Progress (1): 10 kB 
2026.04.27 14:16:34 INFO  Progress (1): 17 kB
2026.04.27 14:16:34 INFO  Progress (1): 18 kB
2026.04.27 14:16:34 INFO                     
2026.04.27 14:16:34 INFO  Downloaded from central: https://repo.maven.apache.org/maven2/org/jline/jline/3.21.0/jline-3.21.0.pom (18 kB at 80 kB/s)
2026.04.27 14:16:34 INFO  Downloading from central: https://repo.maven.apache.org/maven2/org/jline/jline-parent/3.21.0/jline-parent-3.21.0.pom
2026.04.27 14:16:34 INFO  Progress (1): 940 B
2026.04.27 14:16:34 INFO  Progress (1): 2.8 kB
2026.04.27 14:16:34 INFO  Progress (1): 7.8 kB
2026.04.27 14:16:34 INFO  Progress (1): 12 kB 
2026.04.27 14:16:34 INFO  Progress (1): 16 kB
2026.04.27 14:16:34 INFO  Progress (1): 20 kB
2026.04.27 14:16:34 INFO  Progress (1): 24 kB
2026.04.27 14:16:34 INFO  Progress (1): 24 kB
2026.04.27 14:16:34 INFO                     
2026.04.27 14:16:34 INFO  Downloaded from central: https://repo.maven.apache.org/maven2/org/jline/jline-parent/3.21.0/jline-parent-3.21.0.pom (24 kB at 110 kB/s)
2026.04.27 14:16:34 INFO  Downloading from central: https://repo.maven.apache.org/maven2/net/java/dev/jna/jna/5.9.0/jna-5.9.0.jar
2026.04.27 14:16:34 INFO  Downloading from central: https://repo.maven.apache.org/maven2/org/jline/jline/3.21.0/jline-3.21.0.jar
2026.04.27 14:16:34 INFO  Progress (1): 7.7/995 kB
2026.04.27 14:16:34 INFO  Progress (1): 16/995 kB 
2026.04.27 14:16:34 INFO  Progress (2): 16/995 kB | 0/1.7 MB
2026.04.27 14:16:34 INFO  Progress (2): 16/995 kB | 0/1.7 MB
2026.04.27 14:16:34 INFO  Progress (2): 32/995 kB | 0/1.7 MB
2026.04.27 14:16:34 INFO  Progress (2): 32/995 kB | 0/1.7 MB
2026.04.27 14:16:34 INFO  Progress (2): 49/995 kB | 0/1.7 MB
2026.04.27 14:16:34 INFO  Progress (2): 65/995 kB | 0/1.7 MB
2026.04.27 14:16:34 INFO  Progress (2): 81/995 kB | 0/1.7 MB
2026.04.27 14:16:34 INFO  Progress (2): 98/995 kB | 0/1.7 MB
2026.04.27 14:16:34 INFO  Progress (2): 114/995 kB | 0/1.7 MB
2026.04.27 14:16:34 INFO  Progress (2): 131/995 kB | 0/1.7 MB
2026.04.27 14:16:34 INFO  Progress (2): 147/995 kB | 0/1.7 MB
2026.04.27 14:16:34 INFO  Progress (2): 163/995 kB | 0/1.7 MB
2026.04.27 14:16:34 INFO  Progress (2): 180/995 kB | 0/1.7 MB
2026.04.27 14:16:34 INFO  Progress (2): 196/995 kB | 0/1.7 MB
2026.04.27 14:16:34 INFO  Progress (2): 212/995 kB | 0/1.7 MB
2026.04.27 14:16:34 INFO  Progress (2): 229/995 kB | 0/1.7 MB
2026.04.27 14:16:34 INFO  Progress (2): 229/995 kB | 0/1.7 MB
2026.04.27 14:16:34 INFO  Progress (2): 229/995 kB | 0.1/1.7 MB
2026.04.27 14:16:34 INFO  Progress (2): 229/995 kB | 0.1/1.7 MB
2026.04.27 14:16:34 INFO  Progress (2): 229/995 kB | 0.1/1.7 MB
2026.04.27 14:16:34 INFO  Progress (2): 229/995 kB | 0.1/1.7 MB
2026.04.27 14:16:34 INFO  Progress (2): 229/995 kB | 0.1/1.7 MB
2026.04.27 14:16:34 INFO  Progress (2): 229/995 kB | 0.1/1.7 MB
2026.04.27 14:16:35 INFO  Progress (2): 229/995 kB | 0.2/1.7 MB
2026.04.27 14:16:35 INFO  Progress (2): 229/995 kB | 0.2/1.7 MB
2026.04.27 14:16:35 INFO  Progress (2): 229/995 kB | 0.2/1.7 MB
2026.04.27 14:16:35 INFO  Progress (2): 229/995 kB | 0.2/1.7 MB
2026.04.27 14:16:35 INFO  Progress (2): 229/995 kB | 0.2/1.7 MB
2026.04.27 14:16:35 INFO  Progress (2): 229/995 kB | 0.2/1.7 MB
2026.04.27 14:16:35 INFO  Progress (2): 229/995 kB | 0.3/1.7 MB
2026.04.27 14:16:35 INFO  Progress (2): 229/995 kB | 0.3/1.7 MB
2026.04.27 14:16:35 INFO  Progress (2): 229/995 kB | 0.3/1.7 MB
2026.04.27 14:16:35 INFO  Progress (2): 229/995 kB | 0.3/1.7 MB
2026.04.27 14:16:35 INFO  Progress (2): 245/995 kB | 0.3/1.7 MB
2026.04.27 14:16:35 INFO  Progress (2): 245/995 kB | 0.3/1.7 MB
2026.04.27 14:16:35 INFO  Progress (2): 262/995 kB | 0.3/1.7 MB
2026.04.27 14:16:35 INFO  Progress (2): 262/995 kB | 0.3/1.7 MB
2026.04.27 14:16:35 INFO  Progress (2): 262/995 kB | 0.4/1.7 MB
2026.04.27 14:16:35 INFO  Progress (2): 278/995 kB | 0.4/1.7 MB
2026.04.27 14:16:35 INFO  Progress (2): 294/995 kB | 0.4/1.7 MB
2026.04.27 14:16:35 INFO  Progress (2): 294/995 kB | 0.4/1.7 MB
2026.04.27 14:16:35 INFO  Progress (2): 294/995 kB | 0.4/1.7 MB
2026.04.27 14:16:35 INFO  Progress (2): 294/995 kB | 0.4/1.7 MB
2026.04.27 14:16:35 INFO  Progress (2): 294/995 kB | 0.4/1.7 MB
2026.04.27 14:16:35 INFO  Progress (2): 294/995 kB | 0.4/1.7 MB
2026.04.27 14:16:35 INFO  Progress (2): 294/995 kB | 0.5/1.7 MB
2026.04.27 14:16:35 INFO  Progress (2): 294/995 kB | 0.5/1.7 MB
2026.04.27 14:16:35 INFO  Progress (2): 294/995 kB | 0.5/1.7 MB
2026.04.27 14:16:35 INFO  Progress (2): 294/995 kB | 0.5/1.7 MB
2026.04.27 14:16:35 INFO  Progress (2): 294/995 kB | 0.5/1.7 MB
2026.04.27 14:16:35 INFO  Progress (2): 294/995 kB | 0.5/1.7 MB
2026.04.27 14:16:35 INFO  Progress (2): 294/995 kB | 0.6/1.7 MB
2026.04.27 14:16:35 INFO  Progress (2): 294/995 kB | 0.6/1.7 MB
2026.04.27 14:16:35 INFO  Progress (2): 294/995 kB | 0.6/1.7 MB
2026.04.27 14:16:35 INFO  Progress (2): 294/995 kB | 0.6/1.7 MB
2026.04.27 14:16:35 INFO  Progress (2): 294/995 kB | 0.6/1.7 MB
2026.04.27 14:16:35 INFO  Progress (2): 294/995 kB | 0.6/1.7 MB
2026.04.27 14:16:35 INFO  Progress (2): 294/995 kB | 0.7/1.7 MB
2026.04.27 14:16:35 INFO  Progress (2): 294/995 kB | 0.7/1.7 MB
2026.04.27 14:16:35 INFO  Progress (2): 294/995 kB | 0.7/1.7 MB
2026.04.27 14:16:35 INFO  Progress (2): 294/995 kB | 0.7/1.7 MB
2026.04.27 14:16:35 INFO  Progress (2): 294/995 kB | 0.7/1.7 MB
2026.04.27 14:16:35 INFO  Progress (2): 294/995 kB | 0.7/1.7 MB
2026.04.27 14:16:35 INFO  Progress (2): 294/995 kB | 0.8/1.7 MB
2026.04.27 14:16:35 INFO  Progress (2): 294/995 kB | 0.8/1.7 MB
2026.04.27 14:16:35 INFO  Progress (2): 294/995 kB | 0.8/1.7 MB
2026.04.27 14:16:35 INFO  Progress (2): 294/995 kB | 0.8/1.7 MB
2026.04.27 14:16:35 INFO  Progress (2): 294/995 kB | 0.8/1.7 MB
2026.04.27 14:16:35 INFO  Progress (2): 294/995 kB | 0.8/1.7 MB
2026.04.27 14:16:35 INFO  Progress (2): 294/995 kB | 0.9/1.7 MB
2026.04.27 14:16:35 INFO  Progress (2): 294/995 kB | 0.9/1.7 MB
2026.04.27 14:16:35 INFO  Progress (2): 294/995 kB | 0.9/1.7 MB
2026.04.27 14:16:35 INFO  Progress (2): 294/995 kB | 0.9/1.7 MB
2026.04.27 14:16:35 INFO  Progress (2): 294/995 kB | 0.9/1.7 MB
2026.04.27 14:16:35 INFO  Progress (2): 294/995 kB | 0.9/1.7 MB
2026.04.27 14:16:35 INFO  Progress (2): 294/995 kB | 0.9/1.7 MB
2026.04.27 14:16:35 INFO  Progress (2): 294/995 kB | 1.0/1.7 MB
2026.04.27 14:16:35 INFO  Progress (2): 294/995 kB | 1.0/1.7 MB
2026.04.27 14:16:35 INFO  Progress (2): 294/995 kB | 1.0/1.7 MB
2026.04.27 14:16:35 INFO  Progress (2): 311/995 kB | 1.0/1.7 MB
2026.04.27 14:16:35 INFO  Progress (2): 327/995 kB | 1.0/1.7 MB
2026.04.27 14:16:35 INFO  Progress (2): 344/995 kB | 1.0/1.7 MB
2026.04.27 14:16:35 INFO  Progress (2): 360/995 kB | 1.0/1.7 MB
2026.04.27 14:16:35 INFO  Progress (2): 376/995 kB | 1.0/1.7 MB
2026.04.27 14:16:35 INFO  Progress (2): 393/995 kB | 1.0/1.7 MB
2026.04.27 14:16:35 INFO  Progress (2): 409/995 kB | 1.0/1.7 MB
2026.04.27 14:16:35 INFO  Progress (2): 425/995 kB | 1.0/1.7 MB
2026.04.27 14:16:35 INFO  Progress (2): 442/995 kB | 1.0/1.7 MB
2026.04.27 14:16:35 INFO  Progress (2): 458/995 kB | 1.0/1.7 MB
2026.04.27 14:16:35 INFO  Progress (2): 475/995 kB | 1.0/1.7 MB
2026.04.27 14:16:35 INFO  Progress (2): 491/995 kB | 1.0/1.7 MB
2026.04.27 14:16:35 INFO  Progress (2): 507/995 kB | 1.0/1.7 MB
2026.04.27 14:16:35 INFO  Progress (2): 524/995 kB | 1.0/1.7 MB
2026.04.27 14:16:35 INFO  Progress (2): 540/995 kB | 1.0/1.7 MB
2026.04.27 14:16:35 INFO  Progress (2): 557/995 kB | 1.0/1.7 MB
2026.04.27 14:16:35 INFO  Progress (2): 573/995 kB | 1.0/1.7 MB
2026.04.27 14:16:35 INFO  Progress (2): 589/995 kB | 1.0/1.7 MB
2026.04.27 14:16:35 INFO  Progress (2): 606/995 kB | 1.0/1.7 MB
2026.04.27 14:16:35 INFO  Progress (2): 622/995 kB | 1.0/1.7 MB
2026.04.27 14:16:35 INFO  Progress (2): 638/995 kB | 1.0/1.7 MB
2026.04.27 14:16:35 INFO  Progress (2): 655/995 kB | 1.0/1.7 MB
2026.04.27 14:16:35 INFO  Progress (2): 671/995 kB | 1.0/1.7 MB
2026.04.27 14:16:35 INFO  Progress (2): 688/995 kB | 1.0/1.7 MB
2026.04.27 14:16:35 INFO  Progress (2): 704/995 kB | 1.0/1.7 MB
2026.04.27 14:16:35 INFO  Progress (2): 720/995 kB | 1.0/1.7 MB
2026.04.27 14:16:35 INFO  Progress (2): 737/995 kB | 1.0/1.7 MB
2026.04.27 14:16:35 INFO  Progress (2): 753/995 kB | 1.0/1.7 MB
2026.04.27 14:16:35 INFO  Progress (2): 770/995 kB | 1.0/1.7 MB
2026.04.27 14:16:35 INFO  Progress (2): 786/995 kB | 1.0/1.7 MB
2026.04.27 14:16:35 INFO  Progress (2): 802/995 kB | 1.0/1.7 MB
2026.04.27 14:16:35 INFO  Progress (2): 819/995 kB | 1.0/1.7 MB
2026.04.27 14:16:35 INFO  Progress (2): 835/995 kB | 1.0/1.7 MB
2026.04.27 14:16:35 INFO  Progress (2): 851/995 kB | 1.0/1.7 MB
2026.04.27 14:16:35 INFO  Progress (2): 868/995 kB | 1.0/1.7 MB
2026.04.27 14:16:35 INFO  Progress (2): 884/995 kB | 1.0/1.7 MB
2026.04.27 14:16:35 INFO  Progress (2): 901/995 kB | 1.0/1.7 MB
2026.04.27 14:16:35 INFO  Progress (2): 917/995 kB | 1.0/1.7 MB
2026.04.27 14:16:35 INFO  Progress (2): 933/995 kB | 1.0/1.7 MB
2026.04.27 14:16:35 INFO  Progress (2): 933/995 kB | 1.0/1.7 MB
2026.04.27 14:16:35 INFO  Progress (2): 933/995 kB | 1.0/1.7 MB
2026.04.27 14:16:35 INFO  Progress (2): 933/995 kB | 1.0/1.7 MB
2026.04.27 14:16:35 INFO  Progress (2): 933/995 kB | 1.1/1.7 MB
2026.04.27 14:16:35 INFO  Progress (2): 933/995 kB | 1.1/1.7 MB
2026.04.27 14:16:35 INFO  Progress (2): 933/995 kB | 1.1/1.7 MB
2026.04.27 14:16:35 INFO  Progress (2): 933/995 kB | 1.1/1.7 MB
2026.04.27 14:16:35 INFO  Progress (2): 933/995 kB | 1.1/1.7 MB
2026.04.27 14:16:35 INFO  Progress (2): 933/995 kB | 1.1/1.7 MB
2026.04.27 14:16:35 INFO  Progress (2): 933/995 kB | 1.2/1.7 MB
2026.04.27 14:16:35 INFO  Progress (2): 933/995 kB | 1.2/1.7 MB
2026.04.27 14:16:35 INFO  Progress (2): 933/995 kB | 1.2/1.7 MB
2026.04.27 14:16:35 INFO  Progress (2): 933/995 kB | 1.2/1.7 MB
2026.04.27 14:16:35 INFO  Progress (2): 933/995 kB | 1.2/1.7 MB
2026.04.27 14:16:35 INFO  Progress (2): 933/995 kB | 1.2/1.7 MB
2026.04.27 14:16:35 INFO  Progress (2): 933/995 kB | 1.3/1.7 MB
2026.04.27 14:16:35 INFO  Progress (2): 933/995 kB | 1.3/1.7 MB
2026.04.27 14:16:35 INFO  Progress (2): 933/995 kB | 1.3/1.7 MB
2026.04.27 14:16:35 INFO  Progress (2): 933/995 kB | 1.3/1.7 MB
2026.04.27 14:16:35 INFO  Progress (2): 933/995 kB | 1.3/1.7 MB
2026.04.27 14:16:35 INFO  Progress (2): 933/995 kB | 1.3/1.7 MB
2026.04.27 14:16:35 INFO  Progress (2): 933/995 kB | 1.4/1.7 MB
2026.04.27 14:16:35 INFO  Progress (2): 933/995 kB | 1.4/1.7 MB
2026.04.27 14:16:35 INFO  Progress (2): 933/995 kB | 1.4/1.7 MB
2026.04.27 14:16:35 INFO  Progress (2): 933/995 kB | 1.4/1.7 MB
2026.04.27 14:16:35 INFO  Progress (2): 933/995 kB | 1.4/1.7 MB
2026.04.27 14:16:35 INFO  Progress (2): 933/995 kB | 1.4/1.7 MB
2026.04.27 14:16:35 INFO  Progress (2): 933/995 kB | 1.5/1.7 MB
2026.04.27 14:16:35 INFO  Progress (2): 933/995 kB | 1.5/1.7 MB
2026.04.27 14:16:35 INFO  Progress (2): 933/995 kB | 1.5/1.7 MB
2026.04.27 14:16:35 INFO  Progress (2): 933/995 kB | 1.5/1.7 MB
2026.04.27 14:16:35 INFO  Progress (2): 933/995 kB | 1.5/1.7 MB
2026.04.27 14:16:35 INFO  Progress (2): 933/995 kB | 1.5/1.7 MB
2026.04.27 14:16:35 INFO  Progress (2): 933/995 kB | 1.6/1.7 MB
2026.04.27 14:16:35 INFO  Progress (2): 933/995 kB | 1.6/1.7 MB
2026.04.27 14:16:35 INFO  Progress (2): 933/995 kB | 1.6/1.7 MB
2026.04.27 14:16:35 INFO  Progress (2): 933/995 kB | 1.6/1.7 MB
2026.04.27 14:16:35 INFO  Progress (2): 933/995 kB | 1.6/1.7 MB
2026.04.27 14:16:35 INFO  Progress (2): 933/995 kB | 1.6/1.7 MB
2026.04.27 14:16:35 INFO  Progress (2): 933/995 kB | 1.7/1.7 MB
2026.04.27 14:16:35 INFO  Progress (2): 933/995 kB | 1.7/1.7 MB
2026.04.27 14:16:35 INFO  Progress (2): 933/995 kB | 1.7/1.7 MB
2026.04.27 14:16:35 INFO  Progress (2): 933/995 kB | 1.7/1.7 MB
2026.04.27 14:16:35 INFO  Progress (2): 933/995 kB | 1.7/1.7 MB
2026.04.27 14:16:35 INFO  Progress (2): 933/995 kB | 1.7 MB    
2026.04.27 14:16:35 INFO                                   
2026.04.27 14:16:35 INFO  Downloaded from central: https://repo.maven.apache.org/maven2/net/java/dev/jna/jna/5.9.0/jna-5.9.0.jar (1.7 MB at 1.2 MB/s)
2026.04.27 14:16:36 INFO  Progress (1): 950/995 kB
2026.04.27 14:16:36 INFO  Progress (1): 966/995 kB
2026.04.27 14:16:36 INFO  Progress (1): 983/995 kB
2026.04.27 14:16:36 INFO  Progress (1): 995 kB    
2026.04.27 14:16:36 INFO                      
2026.04.27 14:16:36 INFO  Downloaded from central: https://repo.maven.apache.org/maven2/org/jline/jline/3.21.0/jline-3.21.0.jar (995 kB at 600 kB/s)
2026.04.27 14:16:36 INFO  [INFO] Resolving artifact: org.apache.spark:spark-sql_2.13:jar:3.4.3:provided (sources = false)
2026.04.27 14:16:36 INFO  [INFO] SUCCESS: org.apache.spark:spark-sql_2.13:jar:3.4.3:provided (sources = false)
2026.04.27 14:16:36 INFO  [INFO] Resolving artifact: org.apache.spark:spark-sql_2.13:jar:3.4.3:provided (sources = true)
2026.04.27 14:16:36 INFO  Downloading from central: https://repo.maven.apache.org/maven2/org/apache/spark/spark-sql_2.13/3.4.3/spark-sql_2.13-3.4.3-sources.jar
2026.04.27 14:16:36 INFO  Progress (1): 0/1.8 MB
2026.04.27 14:16:36 INFO  Progress (1): 0/1.8 MB
2026.04.27 14:16:36 INFO  Progress (1): 0/1.8 MB
2026.04.27 14:16:36 INFO  Progress (1): 0/1.8 MB
2026.04.27 14:16:36 INFO  Progress (1): 0/1.8 MB
2026.04.27 14:16:36 INFO  Progress (1): 0.1/1.8 MB
2026.04.27 14:16:36 INFO  Progress (1): 0.1/1.8 MB
2026.04.27 14:16:36 INFO  Progress (1): 0.1/1.8 MB
2026.04.27 14:16:36 INFO  Progress (1): 0.1/1.8 MB
2026.04.27 14:16:36 INFO  Progress (1): 0.1/1.8 MB
2026.04.27 14:16:36 INFO  Progress (1): 0.1/1.8 MB
2026.04.27 14:16:36 INFO  Progress (1): 0.1/1.8 MB
2026.04.27 14:16:36 INFO  Progress (1): 0.1/1.8 MB
2026.04.27 14:16:36 INFO  Progress (1): 0.1/1.8 MB
2026.04.27 14:16:36 INFO  Progress (1): 0.2/1.8 MB
2026.04.27 14:16:36 INFO  Progress (1): 0.2/1.8 MB
2026.04.27 14:16:36 INFO  Progress (1): 0.2/1.8 MB
2026.04.27 14:16:36 INFO  Progress (1): 0.2/1.8 MB
2026.04.27 14:16:36 INFO  Progress (1): 0.2/1.8 MB
2026.04.27 14:16:36 INFO  Progress (1): 0.2/1.8 MB
2026.04.27 14:16:36 INFO  Progress (1): 0.2/1.8 MB
2026.04.27 14:16:36 INFO  Progress (1): 0.3/1.8 MB
2026.04.27 14:16:36 INFO  Progress (1): 0.3/1.8 MB
2026.04.27 14:16:36 INFO  Progress (1): 0.3/1.8 MB
2026.04.27 14:16:36 INFO  Progress (1): 0.3/1.8 MB
2026.04.27 14:16:36 INFO  Progress (1): 0.3/1.8 MB
2026.04.27 14:16:36 INFO  Progress (1): 0.3/1.8 MB
2026.04.27 14:16:36 INFO  Progress (1): 0.4/1.8 MB
2026.04.27 14:16:36 INFO  Progress (1): 0.4/1.8 MB
2026.04.27 14:16:36 INFO  Progress (1): 0.4/1.8 MB
2026.04.27 14:16:36 INFO  Progress (1): 0.4/1.8 MB
2026.04.27 14:16:36 INFO  Progress (1): 0.4/1.8 MB
2026.04.27 14:16:36 INFO  Progress (1): 0.4/1.8 MB
2026.04.27 14:16:36 INFO  Progress (1): 0.5/1.8 MB
2026.04.27 14:16:36 INFO  Progress (1): 0.5/1.8 MB
2026.04.27 14:16:36 INFO  Progress (1): 0.5/1.8 MB
2026.04.27 14:16:36 INFO  Progress (1): 0.5/1.8 MB
2026.04.27 14:16:37 INFO  Progress (1): 0.5/1.8 MB
2026.04.27 14:16:37 INFO  Progress (1): 0.5/1.8 MB
2026.04.27 14:16:37 INFO  Progress (1): 0.6/1.8 MB
2026.04.27 14:16:37 INFO  Progress (1): 0.6/1.8 MB
2026.04.27 14:16:37 INFO  Progress (1): 0.6/1.8 MB
2026.04.27 14:16:37 INFO  Progress (1): 0.6/1.8 MB
2026.04.27 14:16:37 INFO  Progress (1): 0.6/1.8 MB
2026.04.27 14:16:37 INFO  Progress (1): 0.6/1.8 MB
2026.04.27 14:16:37 INFO  Progress (1): 0.7/1.8 MB
2026.04.27 14:16:37 INFO  Progress (1): 0.7/1.8 MB
2026.04.27 14:16:37 INFO  Progress (1): 0.7/1.8 MB
2026.04.27 14:16:37 INFO  Progress (1): 0.7/1.8 MB
2026.04.27 14:16:37 INFO  Progress (1): 0.7/1.8 MB
2026.04.27 14:16:37 INFO  Progress (1): 0.7/1.8 MB
2026.04.27 14:16:37 INFO  Progress (1): 0.8/1.8 MB
2026.04.27 14:16:37 INFO  Progress (1): 0.8/1.8 MB
2026.04.27 14:16:37 INFO  Progress (1): 0.8/1.8 MB
2026.04.27 14:16:37 INFO  Progress (1): 0.8/1.8 MB
2026.04.27 14:16:37 INFO  Progress (1): 0.8/1.8 MB
2026.04.27 14:16:37 INFO  Progress (1): 0.8/1.8 MB
2026.04.27 14:16:37 INFO  Progress (1): 0.9/1.8 MB
2026.04.27 14:16:37 INFO  Progress (1): 0.9/1.8 MB
2026.04.27 14:16:37 INFO  Progress (1): 0.9/1.8 MB
2026.04.27 14:16:37 INFO  Progress (1): 0.9/1.8 MB
2026.04.27 14:16:37 INFO  Progress (1): 0.9/1.8 MB
2026.04.27 14:16:37 INFO  Progress (1): 0.9/1.8 MB
2026.04.27 14:16:37 INFO  Progress (1): 1.0/1.8 MB
2026.04.27 14:16:37 INFO  Progress (1): 1.0/1.8 MB
2026.04.27 14:16:37 INFO  Progress (1): 1.0/1.8 MB
2026.04.27 14:16:37 INFO  Progress (1): 1.0/1.8 MB
2026.04.27 14:16:37 INFO  Progress (1): 1.0/1.8 MB
2026.04.27 14:16:37 INFO  Progress (1): 1.0/1.8 MB
2026.04.27 14:16:37 INFO  Progress (1): 1.0/1.8 MB
2026.04.27 14:16:37 INFO  Progress (1): 1.1/1.8 MB
2026.04.27 14:16:37 INFO  Progress (1): 1.1/1.8 MB
2026.04.27 14:16:37 INFO  Progress (1): 1.1/1.8 MB
2026.04.27 14:16:37 INFO  Progress (1): 1.1/1.8 MB
2026.04.27 14:16:37 INFO  Progress (1): 1.1/1.8 MB
2026.04.27 14:16:37 INFO  Progress (1): 1.1/1.8 MB
2026.04.27 14:16:37 INFO  Progress (1): 1.2/1.8 MB
2026.04.27 14:16:37 INFO  Progress (1): 1.2/1.8 MB
2026.04.27 14:16:37 INFO  Progress (1): 1.2/1.8 MB
2026.04.27 14:16:37 INFO  Progress (1): 1.2/1.8 MB
2026.04.27 14:16:37 INFO  Progress (1): 1.2/1.8 MB
2026.04.27 14:16:37 INFO  Progress (1): 1.2/1.8 MB
2026.04.27 14:16:37 INFO  Progress (1): 1.2/1.8 MB
2026.04.27 14:16:37 INFO  Progress (1): 1.3/1.8 MB
2026.04.27 14:16:37 INFO  Progress (1): 1.3/1.8 MB
2026.04.27 14:16:38 INFO  Progress (1): 1.3/1.8 MB
2026.04.27 14:16:38 INFO  Progress (1): 1.3/1.8 MB
2026.04.27 14:16:38 INFO  Progress (1): 1.3/1.8 MB
2026.04.27 14:16:38 INFO  Progress (1): 1.3/1.8 MB
2026.04.27 14:16:38 INFO  Progress (1): 1.4/1.8 MB
2026.04.27 14:16:38 INFO  Progress (1): 1.4/1.8 MB
2026.04.27 14:16:38 INFO  Progress (1): 1.4/1.8 MB
2026.04.27 14:16:38 INFO  Progress (1): 1.4/1.8 MB
2026.04.27 14:16:38 INFO  Progress (1): 1.4/1.8 MB
2026.04.27 14:16:38 INFO  Progress (1): 1.4/1.8 MB
2026.04.27 14:16:38 INFO  Progress (1): 1.5/1.8 MB
2026.04.27 14:16:38 INFO  Progress (1): 1.5/1.8 MB
2026.04.27 14:16:38 INFO  Progress (1): 1.5/1.8 MB
2026.04.27 14:16:38 INFO  Progress (1): 1.5/1.8 MB
2026.04.27 14:16:38 INFO  Progress (1): 1.5/1.8 MB
2026.04.27 14:16:38 INFO  Progress (1): 1.5/1.8 MB
2026.04.27 14:16:38 INFO  Progress (1): 1.6/1.8 MB
2026.04.27 14:16:38 INFO  Progress (1): 1.6/1.8 MB
2026.04.27 14:16:38 INFO  Progress (1): 1.6/1.8 MB
2026.04.27 14:16:38 INFO  Progress (1): 1.6/1.8 MB
2026.04.27 14:16:38 INFO  Progress (1): 1.6/1.8 MB
2026.04.27 14:16:38 INFO  Progress (1): 1.6/1.8 MB
2026.04.27 14:16:38 INFO  Progress (1): 1.7/1.8 MB
2026.04.27 14:16:38 INFO  Progress (1): 1.7/1.8 MB
2026.04.27 14:16:38 INFO  Progress (1): 1.7/1.8 MB
2026.04.27 14:16:38 INFO  Progress (1): 1.7/1.8 MB
2026.04.27 14:16:38 INFO  Progress (1): 1.7/1.8 MB
2026.04.27 14:16:38 INFO  Progress (1): 1.7/1.8 MB
2026.04.27 14:16:38 INFO  Progress (1): 1.8/1.8 MB
2026.04.27 14:16:38 INFO  Progress (1): 1.8/1.8 MB
2026.04.27 14:16:38 INFO  Progress (1): 1.8/1.8 MB
2026.04.27 14:16:38 INFO  Progress (1): 1.8/1.8 MB
2026.04.27 14:16:38 INFO  Progress (1): 1.8/1.8 MB
2026.04.27 14:16:38 INFO  Progress (1): 1.8 MB    
2026.04.27 14:16:38 INFO                      
2026.04.27 14:16:38 INFO  Downloaded from central: https://repo.maven.apache.org/maven2/org/apache/spark/spark-sql_2.13/3.4.3/spark-sql_2.13-3.4.3-sources.jar (1.8 MB at 834 kB/s)
2026.04.27 14:16:38 INFO  [INFO] SUCCESS: org.apache.spark:spark-sql_2.13:jar:3.4.3:provided (sources = true)
2026.04.27 14:16:38 INFO  [INFO] Resolving artifact: org.rocksdb:rocksdbjni:jar:7.9.2:compile (sources = false)
2026.04.27 14:16:38 INFO  [INFO] SUCCESS: org.rocksdb:rocksdbjni:jar:7.9.2:compile (sources = false)
2026.04.27 14:16:38 INFO  [INFO] Resolving artifact: org.rocksdb:rocksdbjni:jar:7.9.2:compile (sources = true)
2026.04.27 14:16:38 INFO  Downloading from central: https://repo.maven.apache.org/maven2/org/rocksdb/rocksdbjni/7.9.2/rocksdbjni-7.9.2-sources.jar
2026.04.27 14:16:38 INFO  Progress (1): 16/317 kB
2026.04.27 14:16:38 INFO  Progress (1): 33/317 kB
2026.04.27 14:16:38 INFO  Progress (1): 49/317 kB
2026.04.27 14:16:38 INFO  Progress (1): 66/317 kB
2026.04.27 14:16:38 INFO  Progress (1): 82/317 kB
2026.04.27 14:16:38 INFO  Progress (1): 98/317 kB
2026.04.27 14:16:38 INFO  Progress (1): 115/317 kB
2026.04.27 14:16:38 INFO  Progress (1): 131/317 kB
2026.04.27 14:16:38 INFO  Progress (1): 147/317 kB
2026.04.27 14:16:38 INFO  Progress (1): 164/317 kB
2026.04.27 14:16:38 INFO  Progress (1): 180/317 kB
2026.04.27 14:16:38 INFO  Progress (1): 197/317 kB
2026.04.27 14:16:38 INFO  Progress (1): 213/317 kB
2026.04.27 14:16:38 INFO  Progress (1): 229/317 kB
2026.04.27 14:16:38 INFO  Progress (1): 246/317 kB
2026.04.27 14:16:38 INFO  Progress (1): 262/317 kB
2026.04.27 14:16:38 INFO  Progress (1): 279/317 kB
2026.04.27 14:16:38 INFO  Progress (1): 295/317 kB
2026.04.27 14:16:38 INFO  Progress (1): 311/317 kB
2026.04.27 14:16:38 INFO  Progress (1): 317 kB    
2026.04.27 14:16:38 INFO                      
2026.04.27 14:16:38 INFO  Downloaded from central: https://repo.maven.apache.org/maven2/org/rocksdb/rocksdbjni/7.9.2/rocksdbjni-7.9.2-sources.jar (317 kB at 466 kB/s)
2026.04.27 14:16:38 INFO  [INFO] SUCCESS: org.rocksdb:rocksdbjni:jar:7.9.2:compile (sources = true)
2026.04.27 14:16:38 INFO  [INFO] Resolving artifact: com.univocity:univocity-parsers:jar:2.9.1:provided (sources = false)
2026.04.27 14:16:38 INFO  [INFO] SUCCESS: com.univocity:univocity-parsers:jar:2.9.1:provided (sources = false)
2026.04.27 14:16:38 INFO  [INFO] Resolving artifact: com.univocity:univocity-parsers:jar:2.9.1:provided (sources = true)
2026.04.27 14:16:38 INFO  Downloading from central: https://repo.maven.apache.org/maven2/com/univocity/univocity-parsers/2.9.1/univocity-parsers-2.9.1-sources.jar
2026.04.27 14:16:38 INFO  Progress (1): 7.7/412 kB
2026.04.27 14:16:38 INFO  Progress (1): 16/412 kB 
2026.04.27 14:16:38 INFO  Progress (1): 25/412 kB
2026.04.27 14:16:39 INFO  Progress (1): 41/412 kB
2026.04.27 14:16:39 INFO  Progress (1): 57/412 kB
2026.04.27 14:16:39 INFO  Progress (1): 74/412 kB
2026.04.27 14:16:39 INFO  Progress (1): 90/412 kB
2026.04.27 14:16:39 INFO  Progress (1): 106/412 kB
2026.04.27 14:16:39 INFO  Progress (1): 123/412 kB
2026.04.27 14:16:39 INFO  Progress (1): 139/412 kB
2026.04.27 14:16:39 INFO  Progress (1): 156/412 kB
2026.04.27 14:16:39 INFO  Progress (1): 172/412 kB
2026.04.27 14:16:39 INFO  Progress (1): 188/412 kB
2026.04.27 14:16:39 INFO  Progress (1): 205/412 kB
2026.04.27 14:16:39 INFO  Progress (1): 221/412 kB
2026.04.27 14:16:39 INFO  Progress (1): 238/412 kB
2026.04.27 14:16:39 INFO  Progress (1): 254/412 kB
2026.04.27 14:16:39 INFO  Progress (1): 270/412 kB
2026.04.27 14:16:39 INFO  Progress (1): 287/412 kB
2026.04.27 14:16:39 INFO  Progress (1): 303/412 kB
2026.04.27 14:16:39 INFO  Progress (1): 319/412 kB
2026.04.27 14:16:39 INFO  Progress (1): 336/412 kB
2026.04.27 14:16:39 INFO  Progress (1): 352/412 kB
2026.04.27 14:16:39 INFO  Progress (1): 369/412 kB
2026.04.27 14:16:39 INFO  Progress (1): 385/412 kB
2026.04.27 14:16:39 INFO  Progress (1): 401/412 kB
2026.04.27 14:16:39 INFO  Progress (1): 412 kB    
2026.04.27 14:16:39 INFO                      
2026.04.27 14:16:39 INFO  Downloaded from central: https://repo.maven.apache.org/maven2/com/univocity/univocity-parsers/2.9.1/univocity-parsers-2.9.1-sources.jar (412 kB at 543 kB/s)
2026.04.27 14:16:39 INFO  [INFO] SUCCESS: com.univocity:univocity-parsers:jar:2.9.1:provided (sources = true)
2026.04.27 14:16:39 INFO  [INFO] Resolving artifact: org.apache.spark:spark-sketch_2.13:jar:3.4.3:provided (sources = false)
2026.04.27 14:16:39 INFO  [INFO] SUCCESS: org.apache.spark:spark-sketch_2.13:jar:3.4.3:provided (sources = false)
2026.04.27 14:16:39 INFO  [INFO] Resolving artifact: org.apache.spark:spark-sketch_2.13:jar:3.4.3:provided (sources = true)
2026.04.27 14:16:39 INFO  Downloading from central: https://repo.maven.apache.org/maven2/org/apache/spark/spark-sketch_2.13/3.4.3/spark-sketch_2.13-3.4.3-sources.jar
2026.04.27 14:16:40 INFO  Progress (1): 7.7/25 kB
2026.04.27 14:16:40 INFO  Progress (1): 13/25 kB 
2026.04.27 14:16:40 INFO  Progress (1): 25 kB   
2026.04.27 14:16:40 INFO                     
2026.04.27 14:16:40 INFO  Downloaded from central: https://repo.maven.apache.org/maven2/org/apache/spark/spark-sketch_2.13/3.4.3/spark-sketch_2.13-3.4.3-sources.jar (25 kB at 41 kB/s)
2026.04.27 14:16:40 INFO  [INFO] SUCCESS: org.apache.spark:spark-sketch_2.13:jar:3.4.3:provided (sources = true)
2026.04.27 14:16:40 INFO  [INFO] Resolving artifact: org.apache.spark:spark-catalyst_2.13:jar:3.4.3:provided (sources = false)
2026.04.27 14:16:40 INFO  [INFO] SUCCESS: org.apache.spark:spark-catalyst_2.13:jar:3.4.3:provided (sources = false)
2026.04.27 14:16:40 INFO  [INFO] Resolving artifact: org.apache.spark:spark-catalyst_2.13:jar:3.4.3:provided (sources = true)
2026.04.27 14:16:40 INFO  Downloading from central: https://repo.maven.apache.org/maven2/org/apache/spark/spark-catalyst_2.13/3.4.3/spark-catalyst_2.13-3.4.3-sources.jar
2026.04.27 14:16:40 INFO  Progress (1): 0/2.2 MB
2026.04.27 14:16:40 INFO  Progress (1): 0/2.2 MB
2026.04.27 14:16:40 INFO  Progress (1): 0/2.2 MB
2026.04.27 14:16:40 INFO  Progress (1): 0/2.2 MB
2026.04.27 14:16:40 INFO  Progress (1): 0/2.2 MB
2026.04.27 14:16:40 INFO  Progress (1): 0.1/2.2 MB
2026.04.27 14:16:40 INFO  Progress (1): 0.1/2.2 MB
2026.04.27 14:16:40 INFO  Progress (1): 0.1/2.2 MB
2026.04.27 14:16:40 INFO  Progress (1): 0.1/2.2 MB
2026.04.27 14:16:40 INFO  Progress (1): 0.1/2.2 MB
2026.04.27 14:16:40 INFO  Progress (1): 0.1/2.2 MB
2026.04.27 14:16:40 INFO  Progress (1): 0.1/2.2 MB
2026.04.27 14:16:40 INFO  Progress (1): 0.2/2.2 MB
2026.04.27 14:16:40 INFO  Progress (1): 0.2/2.2 MB
2026.04.27 14:16:40 INFO  Progress (1): 0.2/2.2 MB
2026.04.27 14:16:40 INFO  Progress (1): 0.2/2.2 MB
2026.04.27 14:16:40 INFO  Progress (1): 0.2/2.2 MB
2026.04.27 14:16:40 INFO  Progress (1): 0.2/2.2 MB
2026.04.27 14:16:40 INFO  Progress (1): 0.2/2.2 MB
2026.04.27 14:16:40 INFO  Progress (1): 0.2/2.2 MB
2026.04.27 14:16:40 INFO  Progress (1): 0.3/2.2 MB
2026.04.27 14:16:40 INFO  Progress (1): 0.3/2.2 MB
2026.04.27 14:16:40 INFO  Progress (1): 0.3/2.2 MB
2026.04.27 14:16:40 INFO  Progress (1): 0.3/2.2 MB
2026.04.27 14:16:40 INFO  Progress (1): 0.3/2.2 MB
2026.04.27 14:16:40 INFO  Progress (1): 0.3/2.2 MB
2026.04.27 14:16:40 INFO  Progress (1): 0.4/2.2 MB
2026.04.27 14:16:40 INFO  Progress (1): 0.4/2.2 MB
2026.04.27 14:16:40 INFO  Progress (1): 0.4/2.2 MB
2026.04.27 14:16:40 INFO  Progress (1): 0.4/2.2 MB
2026.04.27 14:16:40 INFO  Progress (1): 0.4/2.2 MB
2026.04.27 14:16:40 INFO  Progress (1): 0.4/2.2 MB
2026.04.27 14:16:40 INFO  Progress (1): 0.5/2.2 MB
2026.04.27 14:16:40 INFO  Progress (1): 0.5/2.2 MB
2026.04.27 14:16:40 INFO  Progress (1): 0.5/2.2 MB
2026.04.27 14:16:40 INFO  Progress (1): 0.5/2.2 MB
2026.04.27 14:16:40 INFO  Progress (1): 0.5/2.2 MB
2026.04.27 14:16:40 INFO  Progress (1): 0.5/2.2 MB
2026.04.27 14:16:40 INFO  Progress (1): 0.6/2.2 MB
2026.04.27 14:16:40 INFO  Progress (1): 0.6/2.2 MB
2026.04.27 14:16:40 INFO  Progress (1): 0.6/2.2 MB
2026.04.27 14:16:40 INFO  Progress (1): 0.6/2.2 MB
2026.04.27 14:16:40 INFO  Progress (1): 0.6/2.2 MB
2026.04.27 14:16:40 INFO  Progress (1): 0.6/2.2 MB
2026.04.27 14:16:41 INFO  Progress (1): 0.7/2.2 MB
2026.04.27 14:16:41 INFO  Progress (1): 0.7/2.2 MB
2026.04.27 14:16:41 INFO  Progress (1): 0.7/2.2 MB
2026.04.27 14:16:41 INFO  Progress (1): 0.7/2.2 MB
2026.04.27 14:16:41 INFO  Progress (1): 0.7/2.2 MB
2026.04.27 14:16:41 INFO  Progress (1): 0.7/2.2 MB
2026.04.27 14:16:41 INFO  Progress (1): 0.8/2.2 MB
2026.04.27 14:16:41 INFO  Progress (1): 0.8/2.2 MB
2026.04.27 14:16:41 INFO  Progress (1): 0.8/2.2 MB
2026.04.27 14:16:41 INFO  Progress (1): 0.8/2.2 MB
2026.04.27 14:16:41 INFO  Progress (1): 0.8/2.2 MB
2026.04.27 14:16:41 INFO  Progress (1): 0.8/2.2 MB
2026.04.27 14:16:41 INFO  Progress (1): 0.9/2.2 MB
2026.04.27 14:16:41 INFO  Progress (1): 0.9/2.2 MB
2026.04.27 14:16:41 INFO  Progress (1): 0.9/2.2 MB
2026.04.27 14:16:41 INFO  Progress (1): 0.9/2.2 MB
2026.04.27 14:16:41 INFO  Progress (1): 0.9/2.2 MB
2026.04.27 14:16:41 INFO  Progress (1): 0.9/2.2 MB
2026.04.27 14:16:41 INFO  Progress (1): 1.0/2.2 MB
2026.04.27 14:16:41 INFO  Progress (1): 1.0/2.2 MB
2026.04.27 14:16:41 INFO  Progress (1): 1.0/2.2 MB
2026.04.27 14:16:41 INFO  Progress (1): 1.0/2.2 MB
2026.04.27 14:16:41 INFO  Progress (1): 1.0/2.2 MB
2026.04.27 14:16:41 INFO  Progress (1): 1.0/2.2 MB
2026.04.27 14:16:41 INFO  Progress (1): 1.0/2.2 MB
2026.04.27 14:16:41 INFO  Progress (1): 1.1/2.2 MB
2026.04.27 14:16:41 INFO  Progress (1): 1.1/2.2 MB
2026.04.27 14:16:41 INFO  Progress (1): 1.1/2.2 MB
2026.04.27 14:16:41 INFO  Progress (1): 1.1/2.2 MB
2026.04.27 14:16:41 INFO  Progress (1): 1.1/2.2 MB
2026.04.27 14:16:41 INFO  Progress (1): 1.1/2.2 MB
2026.04.27 14:16:41 INFO  Progress (1): 1.2/2.2 MB
2026.04.27 14:16:41 INFO  Progress (1): 1.2/2.2 MB
2026.04.27 14:16:41 INFO  Progress (1): 1.2/2.2 MB
2026.04.27 14:16:41 INFO  Progress (1): 1.2/2.2 MB
2026.04.27 14:16:41 INFO  Progress (1): 1.2/2.2 MB
2026.04.27 14:16:41 INFO  Progress (1): 1.2/2.2 MB
2026.04.27 14:16:41 INFO  Progress (1): 1.3/2.2 MB
2026.04.27 14:16:41 INFO  Progress (1): 1.3/2.2 MB
2026.04.27 14:16:41 INFO  Progress (1): 1.3/2.2 MB
2026.04.27 14:16:41 INFO  Progress (1): 1.3/2.2 MB
2026.04.27 14:16:41 INFO  Progress (1): 1.3/2.2 MB
2026.04.27 14:16:41 INFO  Progress (1): 1.3/2.2 MB
2026.04.27 14:16:41 INFO  Progress (1): 1.3/2.2 MB
2026.04.27 14:16:41 INFO  Progress (1): 1.4/2.2 MB
2026.04.27 14:16:41 INFO  Progress (1): 1.4/2.2 MB
2026.04.27 14:16:41 INFO  Progress (1): 1.4/2.2 MB
2026.04.27 14:16:41 INFO  Progress (1): 1.4/2.2 MB
2026.04.27 14:16:41 INFO  Progress (1): 1.4/2.2 MB
2026.04.27 14:16:41 INFO  Progress (1): 1.4/2.2 MB
2026.04.27 14:16:41 INFO  Progress (1): 1.5/2.2 MB
2026.04.27 14:16:41 INFO  Progress (1): 1.5/2.2 MB
2026.04.27 14:16:41 INFO  Progress (1): 1.5/2.2 MB
2026.04.27 14:16:41 INFO  Progress (1): 1.5/2.2 MB
2026.04.27 14:16:41 INFO  Progress (1): 1.5/2.2 MB
2026.04.27 14:16:41 INFO  Progress (1): 1.5/2.2 MB
2026.04.27 14:16:41 INFO  Progress (1): 1.6/2.2 MB
2026.04.27 14:16:41 INFO  Progress (1): 1.6/2.2 MB
2026.04.27 14:16:41 INFO  Progress (1): 1.6/2.2 MB
2026.04.27 14:16:41 INFO  Progress (1): 1.6/2.2 MB
2026.04.27 14:16:41 INFO  Progress (1): 1.6/2.2 MB
2026.04.27 14:16:41 INFO  Progress (1): 1.6/2.2 MB
2026.04.27 14:16:42 INFO  Progress (1): 1.7/2.2 MB
2026.04.27 14:16:42 INFO  Progress (1): 1.7/2.2 MB
2026.04.27 14:16:42 INFO  Progress (1): 1.7/2.2 MB
2026.04.27 14:16:42 INFO  Progress (1): 1.7/2.2 MB
2026.04.27 14:16:42 INFO  Progress (1): 1.7/2.2 MB
2026.04.27 14:16:42 INFO  Progress (1): 1.7/2.2 MB
2026.04.27 14:16:42 INFO  Progress (1): 1.8/2.2 MB
2026.04.27 14:16:42 INFO  Progress (1): 1.8/2.2 MB
2026.04.27 14:16:42 INFO  Progress (1): 1.8/2.2 MB
2026.04.27 14:16:42 INFO  Progress (1): 1.8/2.2 MB
2026.04.27 14:16:42 INFO  Progress (1): 1.8/2.2 MB
2026.04.27 14:16:42 INFO  Progress (1): 1.8/2.2 MB
2026.04.27 14:16:42 INFO  Progress (1): 1.9/2.2 MB
2026.04.27 14:16:42 INFO  Progress (1): 1.9/2.2 MB
2026.04.27 14:16:42 INFO  Progress (1): 1.9/2.2 MB
2026.04.27 14:16:42 INFO  Progress (1): 1.9/2.2 MB
2026.04.27 14:16:42 INFO  Progress (1): 1.9/2.2 MB
2026.04.27 14:16:42 INFO  Progress (1): 1.9/2.2 MB
2026.04.27 14:16:42 INFO  Progress (1): 2.0/2.2 MB
2026.04.27 14:16:42 INFO  Progress (1): 2.0/2.2 MB
2026.04.27 14:16:42 INFO  Progress (1): 2.0/2.2 MB
2026.04.27 14:16:42 INFO  Progress (1): 2.0/2.2 MB
2026.04.27 14:16:42 INFO  Progress (1): 2.0/2.2 MB
2026.04.27 14:16:42 INFO  Progress (1): 2.0/2.2 MB
2026.04.27 14:16:42 INFO  Progress (1): 2.1/2.2 MB
2026.04.27 14:16:42 INFO  Progress (1): 2.1/2.2 MB
2026.04.27 14:16:42 INFO  Progress (1): 2.1/2.2 MB
2026.04.27 14:16:42 INFO  Progress (1): 2.1/2.2 MB
2026.04.27 14:16:42 INFO  Progress (1): 2.1/2.2 MB
2026.04.27 14:16:42 INFO  Progress (1): 2.1/2.2 MB
2026.04.27 14:16:42 INFO  Progress (1): 2.2/2.2 MB
2026.04.27 14:16:42 INFO  Progress (1): 2.2/2.2 MB
2026.04.27 14:16:42 INFO  Progress (1): 2.2/2.2 MB
2026.04.27 14:16:42 INFO  Progress (1): 2.2/2.2 MB
2026.04.27 14:16:42 INFO  Progress (1): 2.2 MB    
2026.04.27 14:16:42 INFO                      
2026.04.27 14:16:42 INFO  Downloaded from central: https://repo.maven.apache.org/maven2/org/apache/spark/spark-catalyst_2.13/3.4.3/spark-catalyst_2.13-3.4.3-sources.jar (2.2 MB at 939 kB/s)
2026.04.27 14:16:42 INFO  [INFO] SUCCESS: org.apache.spark:spark-catalyst_2.13:jar:3.4.3:provided (sources = true)
2026.04.27 14:16:42 INFO  [INFO] Resolving artifact: org.scala-lang.modules:scala-parser-combinators_2.13:jar:2.1.1:provided (sources = false)
2026.04.27 14:16:42 INFO  [INFO] SUCCESS: org.scala-lang.modules:scala-parser-combinators_2.13:jar:2.1.1:provided (sources = false)
2026.04.27 14:16:42 INFO  [INFO] Resolving artifact: org.scala-lang.modules:scala-parser-combinators_2.13:jar:2.1.1:provided (sources = true)
2026.04.27 14:16:42 INFO  Downloading from central: https://repo.maven.apache.org/maven2/org/scala-lang/modules/scala-parser-combinators_2.13/2.1.1/scala-parser-combinators_2.13-2.1.1-sources.jar
2026.04.27 14:16:42 INFO  Progress (1): 7.7/43 kB
2026.04.27 14:16:42 INFO  Progress (1): 15/43 kB 
2026.04.27 14:16:42 INFO  Progress (1): 32/43 kB
2026.04.27 14:16:42 INFO  Progress (1): 43 kB   
2026.04.27 14:16:42 INFO                     
2026.04.27 14:16:42 INFO  Downloaded from central: https://repo.maven.apache.org/maven2/org/scala-lang/modules/scala-parser-combinators_2.13/2.1.1/scala-parser-combinators_2.13-2.1.1-sources.jar (43 kB at 93 kB/s)
2026.04.27 14:16:42 INFO  [INFO] SUCCESS: org.scala-lang.modules:scala-parser-combinators_2.13:jar:2.1.1:provided (sources = true)
2026.04.27 14:16:42 INFO  [INFO] Resolving artifact: org.codehaus.janino:janino:jar:3.1.9:provided (sources = false)
2026.04.27 14:16:42 INFO  [INFO] SUCCESS: org.codehaus.janino:janino:jar:3.1.9:provided (sources = false)
2026.04.27 14:16:42 INFO  [INFO] Resolving artifact: org.codehaus.janino:janino:jar:3.1.9:provided (sources = true)
2026.04.27 14:16:42 INFO  Downloading from central: https://repo.maven.apache.org/maven2/org/codehaus/janino/janino/3.1.9/janino-3.1.9-sources.jar
2026.04.27 14:16:42 INFO  Progress (1): 7.7/386 kB
2026.04.27 14:16:42 INFO  Progress (1): 15/386 kB 
2026.04.27 14:16:42 INFO  Progress (1): 32/386 kB
2026.04.27 14:16:42 INFO  Progress (1): 48/386 kB
2026.04.27 14:16:42 INFO  Progress (1): 65/386 kB
2026.04.27 14:16:42 INFO  Progress (1): 81/386 kB
2026.04.27 14:16:42 INFO  Progress (1): 97/386 kB
2026.04.27 14:16:42 INFO  Progress (1): 114/386 kB
2026.04.27 14:16:42 INFO  Progress (1): 130/386 kB
2026.04.27 14:16:42 INFO  Progress (1): 147/386 kB
2026.04.27 14:16:42 INFO  Progress (1): 163/386 kB
2026.04.27 14:16:42 INFO  Progress (1): 179/386 kB
2026.04.27 14:16:42 INFO  Progress (1): 196/386 kB
2026.04.27 14:16:42 INFO  Progress (1): 212/386 kB
2026.04.27 14:16:42 INFO  Progress (1): 228/386 kB
2026.04.27 14:16:42 INFO  Progress (1): 245/386 kB
2026.04.27 14:16:42 INFO  Progress (1): 261/386 kB
2026.04.27 14:16:42 INFO  Progress (1): 278/386 kB
2026.04.27 14:16:42 INFO  Progress (1): 294/386 kB
2026.04.27 14:16:44 INFO  Progress (1): 310/386 kB
2026.04.27 14:16:44 INFO  Progress (1): 327/386 kB
2026.04.27 14:16:44 INFO  Progress (1): 343/386 kB
2026.04.27 14:16:44 INFO  Progress (1): 360/386 kB
2026.04.27 14:16:44 INFO  Progress (1): 376/386 kB
2026.04.27 14:16:44 INFO  Progress (1): 386 kB    
2026.04.27 14:16:44 INFO                      
2026.04.27 14:16:44 INFO  Downloaded from central: https://repo.maven.apache.org/maven2/org/codehaus/janino/janino/3.1.9/janino-3.1.9-sources.jar (386 kB at 590 kB/s)
2026.04.27 14:16:44 INFO  [INFO] SUCCESS: org.codehaus.janino:janino:jar:3.1.9:provided (sources = true)
2026.04.27 14:16:44 INFO  [INFO] Resolving artifact: org.codehaus.janino:commons-compiler:jar:3.1.9:provided (sources = false)
2026.04.27 14:16:44 INFO  [INFO] SUCCESS: org.codehaus.janino:commons-compiler:jar:3.1.9:provided (sources = false)
2026.04.27 14:16:44 INFO  [INFO] Resolving artifact: org.codehaus.janino:commons-compiler:jar:3.1.9:provided (sources = true)
2026.04.27 14:16:44 INFO  Downloading from central: https://repo.maven.apache.org/maven2/org/codehaus/janino/commons-compiler/3.1.9/commons-compiler-3.1.9-sources.jar
2026.04.27 14:16:44 INFO  Progress (1): 7.7/191 kB
2026.04.27 14:16:44 INFO  Progress (1): 16/191 kB 
2026.04.27 14:16:44 INFO  Progress (1): 25/191 kB
2026.04.27 14:16:44 INFO  Progress (1): 41/191 kB
2026.04.27 14:16:44 INFO  Progress (1): 57/191 kB
2026.04.27 14:16:44 INFO  Progress (1): 74/191 kB
2026.04.27 14:16:44 INFO  Progress (1): 90/191 kB
2026.04.27 14:16:44 INFO  Progress (1): 106/191 kB
2026.04.27 14:16:44 INFO  Progress (1): 123/191 kB
2026.04.27 14:16:44 INFO  Progress (1): 139/191 kB
2026.04.27 14:16:44 INFO  Progress (1): 156/191 kB
2026.04.27 14:16:44 INFO  Progress (1): 172/191 kB
2026.04.27 14:16:44 INFO  Progress (1): 188/191 kB
2026.04.27 14:16:44 INFO  Progress (1): 191 kB    
2026.04.27 14:16:44 INFO                      
2026.04.27 14:16:44 INFO  Downloaded from central: https://repo.maven.apache.org/maven2/org/codehaus/janino/commons-compiler/3.1.9/commons-compiler-3.1.9-sources.jar (191 kB at 587 kB/s)
2026.04.27 14:16:44 INFO  [INFO] SUCCESS: org.codehaus.janino:commons-compiler:jar:3.1.9:provided (sources = true)
2026.04.27 14:16:44 INFO  [INFO] Resolving artifact: org.antlr:antlr4-runtime:jar:4.9.3:provided (sources = false)
2026.04.27 14:16:44 INFO  [INFO] SUCCESS: org.antlr:antlr4-runtime:jar:4.9.3:provided (sources = false)
2026.04.27 14:16:44 INFO  [INFO] Resolving artifact: org.antlr:antlr4-runtime:jar:4.9.3:provided (sources = true)
2026.04.27 14:16:44 INFO  Downloading from central: https://repo.maven.apache.org/maven2/org/antlr/antlr4-runtime/4.9.3/antlr4-runtime-4.9.3-sources.jar
2026.04.27 14:16:44 INFO  Progress (1): 7.7/320 kB
2026.04.27 14:16:44 INFO  Progress (1): 16/320 kB 
2026.04.27 14:16:44 INFO  Progress (1): 32/320 kB
2026.04.27 14:16:44 INFO  Progress (1): 49/320 kB
2026.04.27 14:16:44 INFO  Progress (1): 65/320 kB
2026.04.27 14:16:44 INFO  Progress (1): 81/320 kB
2026.04.27 14:16:44 INFO  Progress (1): 98/320 kB
2026.04.27 14:16:44 INFO  Progress (1): 114/320 kB
2026.04.27 14:16:45 INFO  Progress (1): 131/320 kB
2026.04.27 14:16:45 INFO  Progress (1): 131/320 kB
2026.04.27 14:16:45 INFO  Progress (1): 147/320 kB
2026.04.27 14:16:45 INFO  Progress (1): 164/320 kB
2026.04.27 14:16:45 INFO  Progress (1): 180/320 kB
2026.04.27 14:16:45 INFO  Progress (1): 197/320 kB
2026.04.27 14:16:45 INFO  Progress (1): 213/320 kB
2026.04.27 14:16:45 INFO  Progress (1): 229/320 kB
2026.04.27 14:16:45 INFO  Progress (1): 246/320 kB
2026.04.27 14:16:45 INFO  Progress (1): 262/320 kB
2026.04.27 14:16:45 INFO  Progress (1): 279/320 kB
2026.04.27 14:16:45 INFO  Progress (1): 295/320 kB
2026.04.27 14:16:45 INFO  Progress (1): 311/320 kB
2026.04.27 14:16:45 INFO  Progress (1): 320 kB    
2026.04.27 14:16:45 INFO                      
2026.04.27 14:16:45 INFO  Downloaded from central: https://repo.maven.apache.org/maven2/org/antlr/antlr4-runtime/4.9.3/antlr4-runtime-4.9.3-sources.jar (320 kB at 463 kB/s)
2026.04.27 14:16:45 INFO  [INFO] SUCCESS: org.antlr:antlr4-runtime:jar:4.9.3:provided (sources = true)
2026.04.27 14:16:45 INFO  [INFO] Resolving artifact: org.apache.arrow:arrow-vector:jar:11.0.0:provided (sources = false)
2026.04.27 14:16:45 INFO  [INFO] SUCCESS: org.apache.arrow:arrow-vector:jar:11.0.0:provided (sources = false)
2026.04.27 14:16:45 INFO  [INFO] Resolving artifact: org.apache.arrow:arrow-vector:jar:11.0.0:provided (sources = true)
2026.04.27 14:16:45 INFO  Downloading from central: https://repo.maven.apache.org/maven2/org/apache/arrow/arrow-vector/11.0.0/arrow-vector-11.0.0-sources.jar
2026.04.27 14:16:45 INFO  Progress (1): 16/963 kB
2026.04.27 14:16:45 INFO  Progress (1): 25/963 kB
2026.04.27 14:16:45 INFO  Progress (1): 41/963 kB
2026.04.27 14:16:45 INFO  Progress (1): 57/963 kB
2026.04.27 14:16:45 INFO  Progress (1): 74/963 kB
2026.04.27 14:16:45 INFO  Progress (1): 90/963 kB
2026.04.27 14:16:45 INFO  Progress (1): 106/963 kB
2026.04.27 14:16:45 INFO  Progress (1): 123/963 kB
2026.04.27 14:16:45 INFO  Progress (1): 131/963 kB
2026.04.27 14:16:45 INFO  Progress (1): 147/963 kB
2026.04.27 14:16:45 INFO  Progress (1): 164/963 kB
2026.04.27 14:16:45 INFO  Progress (1): 180/963 kB
2026.04.27 14:16:45 INFO  Progress (1): 197/963 kB
2026.04.27 14:16:45 INFO  Progress (1): 213/963 kB
2026.04.27 14:16:45 INFO  Progress (1): 229/963 kB
2026.04.27 14:16:45 INFO  Progress (1): 246/963 kB
2026.04.27 14:16:45 INFO  Progress (1): 262/963 kB
2026.04.27 14:16:45 INFO  Progress (1): 279/963 kB
2026.04.27 14:16:45 INFO  Progress (1): 295/963 kB
2026.04.27 14:16:45 INFO  Progress (1): 311/963 kB
2026.04.27 14:16:45 INFO  Progress (1): 328/963 kB
2026.04.27 14:16:45 INFO  Progress (1): 344/963 kB
2026.04.27 14:16:45 INFO  Progress (1): 360/963 kB
2026.04.27 14:16:45 INFO  Progress (1): 377/963 kB
2026.04.27 14:16:45 INFO  Progress (1): 393/963 kB
2026.04.27 14:16:45 INFO  Progress (1): 410/963 kB
2026.04.27 14:16:45 INFO  Progress (1): 426/963 kB
2026.04.27 14:16:45 INFO  Progress (1): 442/963 kB
2026.04.27 14:16:45 INFO  Progress (1): 459/963 kB
2026.04.27 14:16:45 INFO  Progress (1): 475/963 kB
2026.04.27 14:16:45 INFO  Progress (1): 492/963 kB
2026.04.27 14:16:45 INFO  Progress (1): 508/963 kB
2026.04.27 14:16:45 INFO  Progress (1): 524/963 kB
2026.04.27 14:16:45 INFO  Progress (1): 541/963 kB
2026.04.27 14:16:45 INFO  Progress (1): 557/963 kB
2026.04.27 14:16:45 INFO  Progress (1): 573/963 kB
2026.04.27 14:16:45 INFO  Progress (1): 590/963 kB
2026.04.27 14:16:45 INFO  Progress (1): 606/963 kB
2026.04.27 14:16:45 INFO  Progress (1): 623/963 kB
2026.04.27 14:16:45 INFO  Progress (1): 639/963 kB
2026.04.27 14:16:45 INFO  Progress (1): 655/963 kB
2026.04.27 14:16:45 INFO  Progress (1): 672/963 kB
2026.04.27 14:16:45 INFO  Progress (1): 688/963 kB
2026.04.27 14:16:45 INFO  Progress (1): 705/963 kB
2026.04.27 14:16:45 INFO  Progress (1): 721/963 kB
2026.04.27 14:16:45 INFO  Progress (1): 737/963 kB
2026.04.27 14:16:45 INFO  Progress (1): 754/963 kB
2026.04.27 14:16:45 INFO  Progress (1): 770/963 kB
2026.04.27 14:16:45 INFO  Progress (1): 786/963 kB
2026.04.27 14:16:45 INFO  Progress (1): 803/963 kB
2026.04.27 14:16:46 INFO  Progress (1): 819/963 kB
2026.04.27 14:16:46 INFO  Progress (1): 836/963 kB
2026.04.27 14:16:46 INFO  Progress (1): 852/963 kB
2026.04.27 14:16:46 INFO  Progress (1): 868/963 kB
2026.04.27 14:16:46 INFO  Progress (1): 885/963 kB
2026.04.27 14:16:46 INFO  Progress (1): 901/963 kB
2026.04.27 14:16:46 INFO  Progress (1): 918/963 kB
2026.04.27 14:16:46 INFO  Progress (1): 934/963 kB
2026.04.27 14:16:46 INFO  Progress (1): 950/963 kB
2026.04.27 14:16:46 INFO  Progress (1): 963 kB    
2026.04.27 14:16:46 INFO                      
2026.04.27 14:16:46 INFO  Downloaded from central: https://repo.maven.apache.org/maven2/org/apache/arrow/arrow-vector/11.0.0/arrow-vector-11.0.0-sources.jar (963 kB at 760 kB/s)
2026.04.27 14:16:46 INFO  [INFO] SUCCESS: org.apache.arrow:arrow-vector:jar:11.0.0:provided (sources = true)
2026.04.27 14:16:46 INFO  [INFO] Resolving artifact: org.apache.arrow:arrow-format:jar:11.0.0:provided (sources = false)
2026.04.27 14:16:46 INFO  [INFO] SUCCESS: org.apache.arrow:arrow-format:jar:11.0.0:provided (sources = false)
2026.04.27 14:16:46 INFO  [INFO] Resolving artifact: org.apache.arrow:arrow-format:jar:11.0.0:provided (sources = true)
2026.04.27 14:16:46 INFO  Downloading from central: https://repo.maven.apache.org/maven2/org/apache/arrow/arrow-format/11.0.0/arrow-format-11.0.0-sources.jar
2026.04.27 14:16:46 INFO  Progress (1): 7.7/82 kB
2026.04.27 14:16:46 INFO  Progress (1): 16/82 kB 
2026.04.27 14:16:46 INFO  Progress (1): 32/82 kB
2026.04.27 14:16:46 INFO  Progress (1): 49/82 kB
2026.04.27 14:16:46 INFO  Progress (1): 65/82 kB
2026.04.27 14:16:47 INFO  Progress (1): 81/82 kB
2026.04.27 14:16:47 INFO  Progress (1): 82 kB   
2026.04.27 14:16:47 INFO                     
2026.04.27 14:16:47 INFO  Downloaded from central: https://repo.maven.apache.org/maven2/org/apache/arrow/arrow-format/11.0.0/arrow-format-11.0.0-sources.jar (82 kB at 83 kB/s)
2026.04.27 14:16:47 INFO  [INFO] SUCCESS: org.apache.arrow:arrow-format:jar:11.0.0:provided (sources = true)
2026.04.27 14:16:47 INFO  [INFO] Resolving artifact: org.apache.arrow:arrow-memory-core:jar:11.0.0:provided (sources = false)
2026.04.27 14:16:47 INFO  [INFO] SUCCESS: org.apache.arrow:arrow-memory-core:jar:11.0.0:provided (sources = false)
2026.04.27 14:16:47 INFO  [INFO] Resolving artifact: org.apache.arrow:arrow-memory-core:jar:11.0.0:provided (sources = true)
2026.04.27 14:16:47 INFO  Downloading from central: https://repo.maven.apache.org/maven2/org/apache/arrow/arrow-memory-core/11.0.0/arrow-memory-core-11.0.0-sources.jar
2026.04.27 14:16:47 INFO  Progress (1): 7.7/101 kB
2026.04.27 14:16:47 INFO  Progress (1): 8.2/101 kB
2026.04.27 14:16:47 INFO  Progress (1): 25/101 kB 
2026.04.27 14:16:47 INFO  Progress (1): 41/101 kB
2026.04.27 14:16:47 INFO  Progress (1): 57/101 kB
2026.04.27 14:16:47 INFO  Progress (1): 74/101 kB
2026.04.27 14:16:47 INFO  Progress (1): 90/101 kB
2026.04.27 14:16:47 INFO  Progress (1): 101 kB   
2026.04.27 14:16:47 INFO                      
2026.04.27 14:16:47 INFO  Downloaded from central: https://repo.maven.apache.org/maven2/org/apache/arrow/arrow-memory-core/11.0.0/arrow-memory-core-11.0.0-sources.jar (101 kB at 216 kB/s)
2026.04.27 14:16:47 INFO  [INFO] SUCCESS: org.apache.arrow:arrow-memory-core:jar:11.0.0:provided (sources = true)
2026.04.27 14:16:47 INFO  [INFO] Resolving artifact: com.fasterxml.jackson.datatype:jackson-datatype-jsr310:jar:2.13.4:provided (sources = false)
2026.04.27 14:16:47 INFO  [INFO] SUCCESS: com.fasterxml.jackson.datatype:jackson-datatype-jsr310:jar:2.13.4:provided (sources = false)
2026.04.27 14:16:47 INFO  [INFO] Resolving artifact: com.fasterxml.jackson.datatype:jackson-datatype-jsr310:jar:2.13.4:provided (sources = true)
2026.04.27 14:16:47 INFO  Downloading from central: https://repo.maven.apache.org/maven2/com/fasterxml/jackson/datatype/jackson-datatype-jsr310/2.13.4/jackson-datatype-jsr310-2.13.4-sources.jar
2026.04.27 14:16:47 INFO  Progress (1): 16/82 kB
2026.04.27 14:16:47 INFO  Progress (1): 25/82 kB
2026.04.27 14:16:47 INFO  Progress (1): 41/82 kB
2026.04.27 14:16:47 INFO  Progress (1): 57/82 kB
2026.04.27 14:16:47 INFO  Progress (1): 74/82 kB
2026.04.27 14:16:47 INFO  Progress (1): 82 kB   
2026.04.27 14:16:47 INFO                     
2026.04.27 14:16:47 INFO  Downloaded from central: https://repo.maven.apache.org/maven2/com/fasterxml/jackson/datatype/jackson-datatype-jsr310/2.13.4/jackson-datatype-jsr310-2.13.4-sources.jar (82 kB at 187 kB/s)
2026.04.27 14:16:47 INFO  [INFO] SUCCESS: com.fasterxml.jackson.datatype:jackson-datatype-jsr310:jar:2.13.4:provided (sources = true)
2026.04.27 14:16:47 INFO  [INFO] Resolving artifact: com.google.flatbuffers:flatbuffers-java:jar:1.12.0:provided (sources = false)
2026.04.27 14:16:47 INFO  [INFO] SUCCESS: com.google.flatbuffers:flatbuffers-java:jar:1.12.0:provided (sources = false)
2026.04.27 14:16:47 INFO  [INFO] Resolving artifact: com.google.flatbuffers:flatbuffers-java:jar:1.12.0:provided (sources = true)
2026.04.27 14:16:47 INFO  Downloading from central: https://repo.maven.apache.org/maven2/com/google/flatbuffers/flatbuffers-java/1.12.0/flatbuffers-java-1.12.0-sources.jar
2026.04.27 14:16:48 INFO  Progress (1): 7.7/53 kB
2026.04.27 14:16:48 INFO  Progress (1): 16/53 kB 
2026.04.27 14:16:48 INFO  Progress (1): 32/53 kB
2026.04.27 14:16:48 INFO  Progress (1): 49/53 kB
2026.04.27 14:16:48 INFO  Progress (1): 53 kB   
2026.04.27 14:16:48 INFO                     
2026.04.27 14:16:48 INFO  Downloaded from central: https://repo.maven.apache.org/maven2/com/google/flatbuffers/flatbuffers-java/1.12.0/flatbuffers-java-1.12.0-sources.jar (53 kB at 235 kB/s)
2026.04.27 14:16:48 INFO  [INFO] SUCCESS: com.google.flatbuffers:flatbuffers-java:jar:1.12.0:provided (sources = true)
2026.04.27 14:16:48 INFO  [INFO] Resolving artifact: org.apache.arrow:arrow-memory-netty:jar:11.0.0:provided (sources = false)
2026.04.27 14:16:48 INFO  [INFO] SUCCESS: org.apache.arrow:arrow-memory-netty:jar:11.0.0:provided (sources = false)
2026.04.27 14:16:48 INFO  [INFO] Resolving artifact: org.apache.arrow:arrow-memory-netty:jar:11.0.0:provided (sources = true)
2026.04.27 14:16:48 INFO  Downloading from central: https://repo.maven.apache.org/maven2/org/apache/arrow/arrow-memory-netty/11.0.0/arrow-memory-netty-11.0.0-sources.jar
2026.04.27 14:16:48 INFO  Progress (1): 7.7/25 kB
2026.04.27 14:16:48 INFO  Progress (1): 12/25 kB 
2026.04.27 14:16:48 INFO  Progress (1): 25 kB   
2026.04.27 14:16:48 INFO                     
2026.04.27 14:16:48 INFO  Downloaded from central: https://repo.maven.apache.org/maven2/org/apache/arrow/arrow-memory-netty/11.0.0/arrow-memory-netty-11.0.0-sources.jar (25 kB at 62 kB/s)
2026.04.27 14:16:48 INFO  [INFO] SUCCESS: org.apache.arrow:arrow-memory-netty:jar:11.0.0:provided (sources = true)
2026.04.27 14:16:48 INFO  [INFO] Resolving artifact: org.apache.spark:spark-tags_2.13:jar:3.4.3:compile (sources = false)
2026.04.27 14:16:48 INFO  [INFO] SUCCESS: org.apache.spark:spark-tags_2.13:jar:3.4.3:compile (sources = false)
2026.04.27 14:16:48 INFO  [INFO] Resolving artifact: org.apache.spark:spark-tags_2.13:jar:3.4.3:compile (sources = true)
2026.04.27 14:16:48 INFO  Downloading from central: https://repo.maven.apache.org/maven2/org/apache/spark/spark-tags_2.13/3.4.3/spark-tags_2.13-3.4.3-sources.jar
2026.04.27 14:16:49 INFO  Progress (1): 7.7/16 kB
2026.04.27 14:16:49 INFO  Progress (1): 13/16 kB 
2026.04.27 14:16:49 INFO  Progress (1): 16 kB   
2026.04.27 14:16:49 INFO                     
2026.04.27 14:16:49 INFO  Downloaded from central: https://repo.maven.apache.org/maven2/org/apache/spark/spark-tags_2.13/3.4.3/spark-tags_2.13-3.4.3-sources.jar (16 kB at 19 kB/s)
2026.04.27 14:16:49 INFO  [INFO] SUCCESS: org.apache.spark:spark-tags_2.13:jar:3.4.3:compile (sources = true)
2026.04.27 14:16:49 INFO  [INFO] Resolving artifact: org.scala-lang.modules:scala-parallel-collections_2.13:jar:1.0.4:compile (sources = false)
2026.04.27 14:16:49 INFO  [INFO] SUCCESS: org.scala-lang.modules:scala-parallel-collections_2.13:jar:1.0.4:compile (sources = false)
2026.04.27 14:16:49 INFO  [INFO] Resolving artifact: org.scala-lang.modules:scala-parallel-collections_2.13:jar:1.0.4:compile (sources = true)
2026.04.27 14:16:49 INFO  Downloading from central: https://repo.maven.apache.org/maven2/org/scala-lang/modules/scala-parallel-collections_2.13/1.0.4/scala-parallel-collections_2.13-1.0.4-sources.jar
2026.04.27 14:16:49 INFO  Progress (1): 7.7/128 kB
2026.04.27 14:16:49 INFO  Progress (1): 8.2/128 kB
2026.04.27 14:16:50 INFO  Progress (1): 25/128 kB 
2026.04.27 14:16:50 INFO  Progress (1): 41/128 kB
2026.04.27 14:16:50 INFO  Progress (1): 57/128 kB
2026.04.27 14:16:50 INFO  Progress (1): 74/128 kB
4月 27, 2026 2:16:51 下午 org.eclipse.lsp4j.jsonrpc.services.GenericEndpoint notify
信息: Unsupported notification method: $/setTrace
2026.04.27 14:16:52 INFO  Progress (1): 90/128 kB
2026.04.27 14:16:52 INFO  Progress (1): 106/128 kB
4月 27, 2026 2:16:52 下午 org.eclipse.lsp4j.jsonrpc.services.GenericEndpoint notify
信息: Unsupported notification method: $/setTrace
2026.04.27 14:16:52 INFO  Progress (1): 123/128 kB
2026.04.27 14:16:52 INFO  Progress (1): 128 kB    
2026.04.27 14:16:52 INFO                      
2026.04.27 14:16:52 INFO  Downloaded from central: https://repo.maven.apache.org/maven2/org/scala-lang/modules/scala-parallel-collections_2.13/1.0.4/scala-parallel-collections_2.13-1.0.4-sources.jar (128 kB at 45 kB/s)
2026.04.27 14:16:52 INFO  [INFO] SUCCESS: org.scala-lang.modules:scala-parallel-collections_2.13:jar:1.0.4:compile (sources = true)
2026.04.27 14:16:52 INFO  [INFO] Resolving artifact: org.apache.orc:orc-core:jar:shaded-protobuf:1.8.7:provided (sources = false)
2026.04.27 14:16:52 INFO  [INFO] SUCCESS: org.apache.orc:orc-core:jar:shaded-protobuf:1.8.7:provided (sources = false)
2026.04.27 14:16:52 INFO  [INFO] Resolving artifact: org.apache.orc:orc-core:jar:shaded-protobuf:1.8.7:provided (sources = true)
2026.04.27 14:16:52 INFO  Downloading from central: https://repo.maven.apache.org/maven2/org/apache/orc/orc-core/1.8.7/orc-core-1.8.7-sources.jar
2026.04.27 14:16:52 INFO  Progress (1): 7.7/516 kB
2026.04.27 14:16:52 INFO  Progress (1): 11/516 kB 
2026.04.27 14:16:53 INFO  Progress (1): 28/516 kB
2026.04.27 14:16:53 INFO  Progress (1): 44/516 kB
2026.04.27 14:16:53 INFO  Progress (1): 61/516 kB
2026.04.27 14:16:53 INFO  Progress (1): 77/516 kB
2026.04.27 14:16:53 INFO  Progress (1): 93/516 kB
2026.04.27 14:16:54 INFO  Progress (1): 110/516 kB
2026.04.27 14:16:54 INFO  Shutting down server
2026.04.27 14:16:54 INFO  Memory monitor stopped
2026.04.27 14:16:54 INFO  shutting down Metals
2026.04.27 14:16:54 INFO  Progress (1): 126/516 kB
2026.04.27 14:16:54 INFO  Progress (1): 131/516 kB
2026.04.27 14:16:54 INFO  Progress (1): 147/516 kB
2026.04.27 14:16:54 INFO  Exiting server
